"","date","BAM1022-697","BAM1022-131","ID","Resi","Avg"
"1",2019-07-04 19:00:00,21.5,21,1,0.5,21.25
"2",2019-07-04 20:00:00,24,23,2,1,23.5
"3",2019-07-04 21:00:00,27.1,25,3,2.1,26.05
"4",2019-07-04 22:00:00,18.2,20,4,-1.8,19.1
"5",2019-07-04 23:00:00,23.1,20,5,3.1,21.55
"6",2019-07-05 00:00:00,21.1,20,6,1.1,20.55
"7",2019-07-05 01:00:00,17.3,14,7,3.3,15.65
"8",2019-07-05 02:00:00,15.5,12,8,3.5,13.75
"9",2019-07-05 03:00:00,14.8,14,9,0.800000000000001,14.4
"10",2019-07-05 04:00:00,14,14,10,0,14
"11",2019-07-05 05:00:00,17.7,16,11,1.7,16.85
"12",2019-07-05 06:00:00,25.1,21,12,4.1,23.05
"13",2019-07-05 07:00:00,32.9,27,13,5.9,29.95
"14",2019-07-05 08:00:00,25.8,22,14,3.8,23.9
"15",2019-07-05 09:00:00,24.3,21,15,3.3,22.65
"16",2019-07-05 10:00:00,20.1,20,16,0.100000000000001,20.05
"17",2019-07-05 11:00:00,25.6,22,17,3.6,23.8
"18",2019-07-05 12:00:00,20.3,21,18,-0.699999999999999,20.65
"19",2019-07-05 13:00:00,23.5,24,19,-0.5,23.75
"20",2019-07-05 14:00:00,21.2,17,20,4.2,19.1
"21",2019-07-05 15:00:00,26.7,26,21,0.699999999999999,26.35
"22",2019-07-05 16:00:00,25.5,24,22,1.5,24.75
"23",2019-07-05 17:00:00,9.4,9,23,0.4,9.2
"24",2019-07-05 18:00:00,20.4,21,24,-0.600000000000001,20.7
"25",2019-07-05 19:00:00,17.4,22,25,-4.6,19.7
"26",2019-07-05 20:00:00,19.7,19,26,0.699999999999999,19.35
"27",2019-07-05 21:00:00,21.2,14,27,7.2,17.6
"28",2019-07-05 22:00:00,15,18,28,-3,16.5
"29",2019-07-05 23:00:00,16.2,16,29,0.199999999999999,16.1
"30",2019-07-06 00:00:00,15.4,12,30,3.4,13.7
"31",2019-07-06 01:00:00,14.6,13,31,1.6,13.8
"32",2019-07-06 02:00:00,11.9,13,32,-1.1,12.45
"33",2019-07-06 03:00:00,10.4,8,33,2.4,9.2
"34",2019-07-06 04:00:00,10.6,12,34,-1.4,11.3
"35",2019-07-06 05:00:00,11,11,35,0,11
"36",2019-07-06 06:00:00,11.9,11,36,0.9,11.45
"37",2019-07-06 07:00:00,14.8,15,37,-0.199999999999999,14.9
"38",2019-07-06 08:00:00,15.7,14,38,1.7,14.85
"39",2019-07-06 09:00:00,17.7,17,39,0.699999999999999,17.35
"40",2019-07-06 10:00:00,23.6,17,40,6.6,20.3
"41",2019-07-06 11:00:00,18.7,15,41,3.7,16.85
"42",2019-07-06 12:00:00,24.2,18,42,6.2,21.1
"43",2019-07-06 13:00:00,25,20,43,5,22.5
"44",2019-07-06 14:00:00,23.9,18,44,5.9,20.95
"45",2019-07-06 15:00:00,22.9,22,45,0.899999999999999,22.45
"46",2019-07-06 16:00:00,25,24,46,1,24.5
"47",2019-07-06 17:00:00,26.6,27,47,-0.399999999999999,26.8
"48",2019-07-06 18:00:00,16.5,20,48,-3.5,18.25
"49",2019-07-06 19:00:00,21.4,23,49,-1.6,22.2
"50",2019-07-06 20:00:00,20.7,26,50,-5.3,23.35
"51",2019-07-06 21:00:00,18,18,51,0,18
"52",2019-07-06 22:00:00,23.6,20,52,3.6,21.8
"53",2019-07-06 23:00:00,15.7,18,53,-2.3,16.85
"54",2019-07-07 00:00:00,17.1,15,54,2.1,16.05
"55",2019-07-07 01:00:00,19.3,19,55,0.300000000000001,19.15
"56",2019-07-07 02:00:00,16.6,12,56,4.6,14.3
"57",2019-07-07 03:00:00,14.2,13,57,1.2,13.6
"58",2019-07-07 04:00:00,14.8,11,58,3.8,12.9
"59",2019-07-07 05:00:00,16.3,11,59,5.3,13.65
"60",2019-07-07 06:00:00,15.2,12,60,3.2,13.6
"61",2019-07-07 07:00:00,18,18,61,0,18
"62",2019-07-07 08:00:00,18.2,18,62,0.199999999999999,18.1
"63",2019-07-07 09:00:00,18,17,63,1,17.5
"64",2019-07-07 10:00:00,21.8,18,64,3.8,19.9
"65",2019-07-07 11:00:00,19.1,20,65,-0.899999999999999,19.55
"66",2019-07-07 12:00:00,22.4,19,66,3.4,20.7
"67",2019-07-07 13:00:00,15.9,18,67,-2.1,16.95
"68",2019-07-07 14:00:00,17.9,14,68,3.9,15.95
"69",2019-07-07 15:00:00,18,16,69,2,17
"70",2019-07-07 16:00:00,15.8,16,70,-0.199999999999999,15.9
"71",2019-07-07 17:00:00,22.5,14,71,8.5,18.25
"72",2019-07-07 18:00:00,21.1,25,72,-3.9,23.05
"73",2019-07-07 19:00:00,14.6,19,73,-4.4,16.8
"74",2019-07-07 20:00:00,20.3,21,74,-0.699999999999999,20.65
"75",2019-07-07 21:00:00,16.2,14,75,2.2,15.1
"76",2019-07-07 22:00:00,18.1,12,76,6.1,15.05
"77",2019-07-07 23:00:00,14.8,12,77,2.8,13.4
"78",2019-07-08 00:00:00,16.4,15,78,1.4,15.7
"79",2019-07-08 01:00:00,12.4,11,79,1.4,11.7
"80",2019-07-08 02:00:00,10,9,80,1,9.5
"81",2019-07-08 03:00:00,10.1,10,81,0.0999999999999996,10.05
"82",2019-07-08 04:00:00,13.2,11,82,2.2,12.1
"83",2019-07-08 05:00:00,7.3,11,83,-3.7,9.15
"84",2019-07-08 06:00:00,10.8,11,84,-0.199999999999999,10.9
"85",2019-07-08 07:00:00,16.2,18,85,-1.8,17.1
"86",2019-07-08 08:00:00,19.5,19,86,0.5,19.25
"87",2019-07-08 09:00:00,19.3,17,87,2.3,18.15
"88",2019-07-08 10:00:00,12.6,16,88,-3.4,14.3
"89",2019-07-08 11:00:00,16.5,19,89,-2.5,17.75
"90",2019-07-08 12:00:00,15,12,90,3,13.5
"91",2019-07-08 13:00:00,16.9,14,91,2.9,15.45
"92",2019-07-08 14:00:00,18.6,18,92,0.600000000000001,18.3
"93",2019-07-08 15:00:00,8.8,10,93,-1.2,9.4
"94",2019-07-08 16:00:00,11.4,10,94,1.4,10.7
"95",2019-07-08 17:00:00,12.7,10,95,2.7,11.35
"96",2019-07-08 18:00:00,15,10,96,5,12.5
"97",2019-07-08 19:00:00,16.2,15,97,1.2,15.6
"98",2019-07-08 20:00:00,18.9,15,98,3.9,16.95
"99",2019-07-08 21:00:00,18.5,15,99,3.5,16.75
"100",2019-07-08 22:00:00,16.2,16,100,0.199999999999999,16.1
"101",2019-07-08 23:00:00,20,21,101,-1,20.5
"102",2019-07-09 00:00:00,15.1,20,102,-4.9,17.55
"103",2019-07-09 01:00:00,14.1,15,103,-0.9,14.55
"104",2019-07-09 02:00:00,14.7,14,104,0.699999999999999,14.35
"105",2019-07-09 03:00:00,13.5,11,105,2.5,12.25
"106",2019-07-09 06:00:00,14.9,11,106,3.9,12.95
"107",2019-07-09 07:00:00,20.5,22,107,-1.5,21.25
"108",2019-07-09 08:00:00,20.3,19,108,1.3,19.65
"109",2019-07-09 09:00:00,15.3,14,109,1.3,14.65
"110",2019-07-09 10:00:00,13.4,13,110,0.4,13.2
"111",2019-07-09 11:00:00,9.7,9,111,0.699999999999999,9.35
"112",2019-07-09 12:00:00,17.3,14,112,3.3,15.65
"113",2019-07-09 13:00:00,10.1,11,113,-0.9,10.55
"114",2019-07-09 14:00:00,17.3,16,114,1.3,16.65
"115",2019-07-09 20:00:00,21.7,17,115,4.7,19.35
"116",2019-07-09 21:00:00,17.5,17,116,0.5,17.25
"117",2019-07-09 22:00:00,14.1,10,117,4.1,12.05
"118",2019-07-09 23:00:00,9,8,118,1,8.5
"119",2019-07-10 00:00:00,13.6,14,119,-0.4,13.8
"120",2019-07-10 01:00:00,10.7,11,120,-0.300000000000001,10.85
"121",2019-07-10 02:00:00,9.1,5,121,4.1,7.05
"122",2019-07-10 03:00:00,7.2,7,122,0.2,7.1
"123",2019-07-10 04:00:00,11.6,10,123,1.6,10.8
"124",2019-07-10 05:00:00,15,18,124,-3,16.5
"125",2019-07-10 06:00:00,18,20,125,-2,19
"126",2019-07-10 07:00:00,18.9,17,126,1.9,17.95
"127",2019-07-10 08:00:00,19.2,17,127,2.2,18.1
"128",2019-07-10 09:00:00,21.1,24,128,-2.9,22.55
"129",2019-07-10 10:00:00,21.9,15,129,6.9,18.45
"130",2019-07-10 11:00:00,17.1,15,130,2.1,16.05
"131",2019-07-10 12:00:00,15.9,12,131,3.9,13.95
"132",2019-07-10 13:00:00,15.7,13,132,2.7,14.35
"133",2019-07-10 14:00:00,9.6,10,133,-0.4,9.8
"134",2019-07-10 15:00:00,14.6,13,134,1.6,13.8
"135",2019-07-10 16:00:00,18.3,19,135,-0.699999999999999,18.65
"136",2019-07-10 17:00:00,17.9,19,136,-1.1,18.45
"137",2019-07-10 18:00:00,15.1,11,137,4.1,13.05
"138",2019-07-10 19:00:00,21.6,20,138,1.6,20.8
"139",2019-07-10 20:00:00,21.5,20,139,1.5,20.75
"140",2019-07-10 21:00:00,18.8,16,140,2.8,17.4
"141",2019-07-10 22:00:00,20.8,20,141,0.800000000000001,20.4
"142",2019-07-10 23:00:00,17.7,19,142,-1.3,18.35
"143",2019-07-11 00:00:00,12.8,13,143,-0.199999999999999,12.9
"144",2019-07-11 01:00:00,14.9,14,144,0.9,14.45
"145",2019-07-11 02:00:00,13.4,14,145,-0.6,13.7
"146",2019-07-11 03:00:00,11.6,9,146,2.6,10.3
"147",2019-07-11 04:00:00,11.9,11,147,0.9,11.45
"148",2019-07-11 05:00:00,11.1,12,148,-0.9,11.55
"149",2019-07-11 06:00:00,13.7,11,149,2.7,12.35
"150",2019-07-11 07:00:00,17.7,16,150,1.7,16.85
"151",2019-07-11 08:00:00,30.8,27,151,3.8,28.9
"152",2019-07-11 09:00:00,12.8,13,152,-0.199999999999999,12.9
"153",2019-07-11 10:00:00,12.1,13,153,-0.9,12.55
"154",2019-07-11 11:00:00,11.8,11,154,0.800000000000001,11.4
"155",2019-07-11 12:00:00,9.4,12,155,-2.6,10.7
"156",2019-07-11 13:00:00,14.1,13,156,1.1,13.55
"157",2019-07-11 14:00:00,40.2,42,157,-1.8,41.1
"158",2019-07-11 15:00:00,20,20,158,0,20
"159",2019-07-11 16:00:00,15,14,159,1,14.5
"160",2019-07-11 17:00:00,13.9,10,160,3.9,11.95
"161",2019-07-11 18:00:00,18.8,13,161,5.8,15.9
"162",2019-07-11 19:00:00,19.2,16,162,3.2,17.6
"163",2019-07-11 20:00:00,18.9,19,163,-0.100000000000001,18.95
"164",2019-07-11 21:00:00,16.1,17,164,-0.899999999999999,16.55
"165",2019-07-11 22:00:00,6.9,2,165,4.9,4.45
"166",2019-07-11 23:00:00,15.5,18,166,-2.5,16.75
"167",2019-07-12 00:00:00,25.3,21,167,4.3,23.15
"168",2019-07-12 01:00:00,19,16,168,3,17.5
"169",2019-07-12 02:00:00,13.5,8,169,5.5,10.75
"170",2019-07-12 03:00:00,11.6,10,170,1.6,10.8
"171",2019-07-12 04:00:00,16.2,16,171,0.199999999999999,16.1
"172",2019-07-12 05:00:00,15.8,14,172,1.8,14.9
"173",2019-07-12 06:00:00,21.3,14,173,7.3,17.65
"174",2019-07-12 07:00:00,18.6,18,174,0.600000000000001,18.3
"175",2019-07-12 08:00:00,26.7,22,175,4.7,24.35
"176",2019-07-12 09:00:00,26.9,25,176,1.9,25.95
"177",2019-07-12 10:00:00,20.6,19,177,1.6,19.8
"178",2019-07-12 11:00:00,16.5,14,178,2.5,15.25
"179",2019-07-12 12:00:00,14.1,14,179,0.0999999999999996,14.05
"180",2019-07-12 13:00:00,16.6,15,180,1.6,15.8
"181",2019-07-12 14:00:00,13.5,16,181,-2.5,14.75
"182",2019-07-12 15:00:00,19.2,15,182,4.2,17.1
"183",2019-07-12 16:00:00,19,23,183,-4,21
"184",2019-07-12 17:00:00,17.1,21,184,-3.9,19.05
"185",2019-07-12 18:00:00,21.1,17,185,4.1,19.05
"186",2019-07-12 21:00:00,25.4,26,186,-0.600000000000001,25.7
"187",2019-07-12 22:00:00,19.3,19,187,0.300000000000001,19.15
"188",2019-07-12 23:00:00,15.7,18,188,-2.3,16.85
"189",2019-07-13 00:00:00,12.4,14,189,-1.6,13.2
"190",2019-07-13 01:00:00,13.8,11,190,2.8,12.4
"191",2019-07-13 02:00:00,19.1,17,191,2.1,18.05
"192",2019-07-13 03:00:00,11.3,12,192,-0.699999999999999,11.65
"193",2019-07-13 04:00:00,15.2,12,193,3.2,13.6
"194",2019-07-13 07:00:00,17.5,17,194,0.5,17.25
"195",2019-07-13 08:00:00,21.7,17,195,4.7,19.35
"196",2019-07-13 09:00:00,21.7,18,196,3.7,19.85
"197",2019-07-13 10:00:00,23.7,23,197,0.699999999999999,23.35
"198",2019-07-13 11:00:00,14,13,198,1,13.5
"199",2019-07-13 12:00:00,17.5,18,199,-0.5,17.75
"200",2019-07-13 13:00:00,13.1,16,200,-2.9,14.55
"201",2019-07-13 14:00:00,15.4,14,201,1.4,14.7
"202",2019-07-13 15:00:00,20.7,20,202,0.699999999999999,20.35
"203",2019-07-13 16:00:00,21.7,21,203,0.699999999999999,21.35
"204",2019-07-13 17:00:00,24.8,21,204,3.8,22.9
"205",2019-07-13 18:00:00,23.7,18,205,5.7,20.85
"206",2019-07-13 19:00:00,26.9,27,206,-0.100000000000001,26.95
"207",2019-07-13 20:00:00,22.4,21,207,1.4,21.7
"208",2019-07-13 21:00:00,21.9,22,208,-0.100000000000001,21.95
"209",2019-07-13 22:00:00,12.1,14,209,-1.9,13.05
"210",2019-07-13 23:00:00,20.5,20,210,0.5,20.25
"211",2019-07-14 00:00:00,17.8,13,211,4.8,15.4
"212",2019-07-14 01:00:00,16.2,14,212,2.2,15.1
"213",2019-07-14 02:00:00,12.5,12,213,0.5,12.25
"214",2019-07-14 03:00:00,12.3,11,214,1.3,11.65
"215",2019-07-14 04:00:00,11.4,9,215,2.4,10.2
"216",2019-07-14 05:00:00,11.4,10,216,1.4,10.7
"217",2019-07-14 06:00:00,13.1,16,217,-2.9,14.55
"218",2019-07-14 07:00:00,14.7,14,218,0.699999999999999,14.35
"219",2019-07-14 08:00:00,17.4,14,219,3.4,15.7
"220",2019-07-14 09:00:00,20,19,220,1,19.5
"221",2019-07-14 10:00:00,17.8,15,221,2.8,16.4
"222",2019-07-14 11:00:00,17.8,14,222,3.8,15.9
"223",2019-07-14 12:00:00,14.4,14,223,0.4,14.2
"224",2019-07-14 13:00:00,17.2,17,224,0.199999999999999,17.1
"225",2019-07-14 14:00:00,14.3,16,225,-1.7,15.15
"226",2019-07-14 15:00:00,21.2,20,226,1.2,20.6
"227",2019-07-14 16:00:00,16.4,13,227,3.4,14.7
"228",2019-07-14 17:00:00,20,18,228,2,19
"229",2019-07-14 18:00:00,21.7,19,229,2.7,20.35
"230",2019-07-14 19:00:00,27.8,25,230,2.8,26.4
"231",2019-07-14 20:00:00,8.2,8,231,0.199999999999999,8.1
"232",2019-07-14 21:00:00,9.9,15,232,-5.1,12.45
"233",2019-07-14 22:00:00,10.3,11,233,-0.699999999999999,10.65
"234",2019-07-14 23:00:00,9.8,7,234,2.8,8.4
"235",2019-07-15 00:00:00,14.4,16,235,-1.6,15.2
"236",2019-07-15 01:00:00,13.4,14,236,-0.6,13.7
"237",2019-07-15 02:00:00,17.7,17,237,0.699999999999999,17.35
"238",2019-07-15 03:00:00,14.1,13,238,1.1,13.55
"239",2019-07-15 04:00:00,11.3,11,239,0.300000000000001,11.15
"240",2019-07-15 05:00:00,12.7,16,240,-3.3,14.35
"241",2019-07-15 06:00:00,14.4,15,241,-0.6,14.7
"242",2019-07-15 07:00:00,21.7,20,242,1.7,20.85
"243",2019-07-15 08:00:00,25.4,23,243,2.4,24.2
"244",2019-07-15 09:00:00,18.1,14,244,4.1,16.05
"245",2019-07-15 10:00:00,21.3,20,245,1.3,20.65
"246",2019-07-15 11:00:00,15.2,12,246,3.2,13.6
"247",2019-07-15 12:00:00,17.5,14,247,3.5,15.75
"248",2019-07-15 13:00:00,17.2,14,248,3.2,15.6
"249",2019-07-15 14:00:00,18.7,18,249,0.699999999999999,18.35
"250",2019-07-15 15:00:00,16.7,16,250,0.699999999999999,16.35
"251",2019-07-15 16:00:00,11.8,11,251,0.800000000000001,11.4
"252",2019-07-15 17:00:00,14.1,12,252,2.1,13.05
"253",2019-07-15 18:00:00,12.3,9,253,3.3,10.65
"254",2019-07-15 21:00:00,10.5,9,254,1.5,9.75
"255",2019-07-15 22:00:00,13.6,14,255,-0.4,13.8
"256",2019-07-15 23:00:00,16.2,15,256,1.2,15.6
"257",2019-07-16 00:00:00,19.7,21,257,-1.3,20.35
"258",2019-07-16 01:00:00,17.3,15,258,2.3,16.15
"259",2019-07-16 02:00:00,16.6,17,259,-0.399999999999999,16.8
"260",2019-07-16 03:00:00,15.5,15,260,0.5,15.25
"261",2019-07-16 04:00:00,17.4,21,261,-3.6,19.2
"262",2019-07-16 05:00:00,19.2,20,262,-0.800000000000001,19.6
"263",2019-07-16 06:00:00,21.1,21,263,0.100000000000001,21.05
"264",2019-07-16 07:00:00,25.7,26,264,-0.300000000000001,25.85
"265",2019-07-16 08:00:00,30.8,28,265,2.8,29.4
"266",2019-07-16 09:00:00,26.4,26,266,0.399999999999999,26.2
"267",2019-07-16 10:00:00,14.3,16,267,-1.7,15.15
"268",2019-07-16 11:00:00,14.4,13,268,1.4,13.7
"269",2019-07-16 12:00:00,14.2,15,269,-0.800000000000001,14.6
"270",2019-07-16 13:00:00,18.2,18,270,0.199999999999999,18.1
"271",2019-07-16 14:00:00,18.3,20,271,-1.7,19.15
"272",2019-07-16 15:00:00,18.8,18,272,0.800000000000001,18.4
"273",2019-07-16 16:00:00,20.6,18,273,2.6,19.3
"274",2019-07-16 17:00:00,19,19,274,0,19
"275",2019-07-16 18:00:00,25.3,26,275,-0.699999999999999,25.65
"276",2019-07-16 19:00:00,24.3,23,276,1.3,23.65
"277",2019-07-16 20:00:00,16.9,15,277,1.9,15.95
"278",2019-07-16 21:00:00,31.8,28,278,3.8,29.9
"279",2019-07-16 22:00:00,29.1,23,279,6.1,26.05
"280",2019-07-16 23:00:00,25.5,24,280,1.5,24.75
"281",2019-07-17 00:00:00,26.8,25,281,1.8,25.9
"282",2019-07-17 01:00:00,25.1,26,282,-0.899999999999999,25.55
"283",2019-07-17 02:00:00,18.7,17,283,1.7,17.85
"284",2019-07-17 03:00:00,13.4,12,284,1.4,12.7
"285",2019-07-17 04:00:00,12.5,14,285,-1.5,13.25
"286",2019-07-17 05:00:00,12.5,12,286,0.5,12.25
"287",2019-07-17 06:00:00,13.4,12,287,1.4,12.7
"288",2019-07-17 07:00:00,21.6,25,288,-3.4,23.3
"289",2019-07-17 08:00:00,22.1,18,289,4.1,20.05
"290",2019-07-17 09:00:00,17.9,15,290,2.9,16.45
"291",2019-07-17 10:00:00,16.8,18,291,-1.2,17.4
"292",2019-07-17 11:00:00,18.6,15,292,3.6,16.8
"293",2019-07-17 12:00:00,19.8,16,293,3.8,17.9
"294",2019-07-17 13:00:00,15.8,18,294,-2.2,16.9
"295",2019-07-17 14:00:00,14.8,15,295,-0.199999999999999,14.9
"296",2019-07-17 15:00:00,20.1,18,296,2.1,19.05
"297",2019-07-17 16:00:00,17.4,19,297,-1.6,18.2
"298",2019-07-17 17:00:00,13.8,10,298,3.8,11.9
"299",2019-07-17 18:00:00,20.9,19,299,1.9,19.95
"300",2019-07-17 19:00:00,25,24,300,1,24.5
"301",2019-07-17 20:00:00,17.8,18,301,-0.199999999999999,17.9
"302",2019-07-17 21:00:00,38.4,36,302,2.4,37.2
"303",2019-07-17 22:00:00,46.2,54,303,-7.8,50.1
"304",2019-07-17 23:00:00,20.6,19,304,1.6,19.8
"305",2019-07-18 02:00:00,20.5,14,305,6.5,17.25
"306",2019-07-18 03:00:00,23,20,306,3,21.5
"307",2019-07-18 04:00:00,14.6,16,307,-1.4,15.3
"308",2019-07-18 05:00:00,14.1,16,308,-1.9,15.05
"309",2019-07-18 06:00:00,16.3,17,309,-0.699999999999999,16.65
"310",2019-07-18 07:00:00,19.5,22,310,-2.5,20.75
"311",2019-07-18 08:00:00,20.6,20,311,0.600000000000001,20.3
"312",2019-07-18 09:00:00,16.6,17,312,-0.399999999999999,16.8
"313",2019-07-18 10:00:00,13.3,14,313,-0.699999999999999,13.65
"314",2019-07-18 11:00:00,14.8,12,314,2.8,13.4
"315",2019-07-18 12:00:00,19.9,16,315,3.9,17.95
"316",2019-07-18 13:00:00,15.7,14,316,1.7,14.85
"317",2019-07-18 14:00:00,16.6,18,317,-1.4,17.3
"318",2019-07-18 15:00:00,13.9,12,318,1.9,12.95
"319",2019-07-18 16:00:00,20,19,319,1,19.5
"320",2019-07-18 17:00:00,20.4,15,320,5.4,17.7
"321",2019-07-18 18:00:00,20,20,321,0,20
"322",2019-07-18 19:00:00,20.8,16,322,4.8,18.4
"323",2019-07-18 20:00:00,25.4,25,323,0.399999999999999,25.2
"324",2019-07-18 21:00:00,27,27,324,0,27
"325",2019-07-18 22:00:00,36.1,34,325,2.1,35.05
"326",2019-07-18 23:00:00,22.6,20,326,2.6,21.3
"327",2019-07-19 00:00:00,21.7,17,327,4.7,19.35
"328",2019-07-19 01:00:00,14.4,13,328,1.4,13.7
"329",2019-07-19 02:00:00,15.2,11,329,4.2,13.1
"330",2019-07-19 03:00:00,13,9,330,4,11
"331",2019-07-19 04:00:00,10,10,331,0,10
"332",2019-07-19 05:00:00,13.7,11,332,2.7,12.35
"333",2019-07-19 06:00:00,17.1,17,333,0.100000000000001,17.05
"334",2019-07-19 07:00:00,21.5,22,334,-0.5,21.75
"335",2019-07-19 08:00:00,20.5,19,335,1.5,19.75
"336",2019-07-19 09:00:00,19.8,21,336,-1.2,20.4
"337",2019-07-19 10:00:00,16.3,16,337,0.300000000000001,16.15
"338",2019-07-19 11:00:00,13.8,11,338,2.8,12.4
"339",2019-07-19 12:00:00,9.9,5,339,4.9,7.45
"340",2019-07-19 13:00:00,13.3,15,340,-1.7,14.15
"341",2019-07-19 14:00:00,15.8,14,341,1.8,14.9
"342",2019-07-19 15:00:00,10.6,12,342,-1.4,11.3
"343",2019-07-19 16:00:00,13.1,16,343,-2.9,14.55
"344",2019-07-19 17:00:00,18.2,14,344,4.2,16.1
"345",2019-07-19 18:00:00,33.9,33,345,0.899999999999999,33.45
"346",2019-07-19 19:00:00,28.5,31,346,-2.5,29.75
"347",2019-07-19 22:00:00,15.8,14,347,1.8,14.9
"348",2019-07-19 23:00:00,13.3,16,348,-2.7,14.65
"349",2019-07-20 00:00:00,18.4,13,349,5.4,15.7
"350",2019-07-20 01:00:00,13.9,13,350,0.9,13.45
"351",2019-07-20 02:00:00,12.6,12,351,0.6,12.3
"352",2019-07-20 03:00:00,14.4,13,352,1.4,13.7
"353",2019-07-20 04:00:00,12,7,353,5,9.5
"354",2019-07-20 05:00:00,7.8,9,354,-1.2,8.4
"355",2019-07-20 06:00:00,12.3,15,355,-2.7,13.65
"356",2019-07-20 07:00:00,17.2,14,356,3.2,15.6
"357",2019-07-20 08:00:00,21.5,19,357,2.5,20.25
"358",2019-07-20 09:00:00,21.1,20,358,1.1,20.55
"359",2019-07-20 10:00:00,10.4,10,359,0.4,10.2
"360",2019-07-20 11:00:00,21.5,21,360,0.5,21.25
"361",2019-07-20 12:00:00,16.3,14,361,2.3,15.15
"362",2019-07-20 13:00:00,13.7,10,362,3.7,11.85
"363",2019-07-20 14:00:00,14.4,12,363,2.4,13.2
"364",2019-07-20 15:00:00,18.2,18,364,0.199999999999999,18.1
"365",2019-07-20 16:00:00,13.3,15,365,-1.7,14.15
"366",2019-07-20 17:00:00,15.6,12,366,3.6,13.8
"367",2019-07-20 18:00:00,11.2,11,367,0.199999999999999,11.1
"368",2019-07-20 19:00:00,16,15,368,1,15.5
"369",2019-07-20 20:00:00,20,15,369,5,17.5
"370",2019-07-20 21:00:00,13,14,370,-1,13.5
"371",2019-07-20 22:00:00,13,11,371,2,12
"372",2019-07-20 23:00:00,10.4,8,372,2.4,9.2
"373",2019-07-21 00:00:00,11,9,373,2,10
"374",2019-07-21 01:00:00,9.8,12,374,-2.2,10.9
"375",2019-07-21 02:00:00,11.7,12,375,-0.300000000000001,11.85
"376",2019-07-21 03:00:00,8.4,9,376,-0.6,8.7
"377",2019-07-21 04:00:00,12.1,11,377,1.1,11.55
"378",2019-07-21 05:00:00,12.7,9,378,3.7,10.85
"379",2019-07-21 06:00:00,14.3,10,379,4.3,12.15
"380",2019-07-21 07:00:00,9.2,8,380,1.2,8.6
"381",2019-07-21 08:00:00,9.3,12,381,-2.7,10.65
"382",2019-07-21 09:00:00,14.4,15,382,-0.6,14.7
"383",2019-07-21 10:00:00,12.7,14,383,-1.3,13.35
"384",2019-07-21 11:00:00,10.3,12,384,-1.7,11.15
"385",2019-07-21 12:00:00,10.8,10,385,0.800000000000001,10.4
"386",2019-07-21 13:00:00,14,11,386,3,12.5
"387",2019-07-21 14:00:00,12.9,12,387,0.9,12.45
"388",2019-07-21 15:00:00,9.3,10,388,-0.699999999999999,9.65
"389",2019-07-21 18:00:00,14.7,11,389,3.7,12.85
"390",2019-07-21 19:00:00,19.4,14,390,5.4,16.7
"391",2019-07-21 20:00:00,16,14,391,2,15
"392",2019-07-21 21:00:00,11.6,9,392,2.6,10.3
"393",2019-07-21 22:00:00,10.1,13,393,-2.9,11.55
"394",2019-07-21 23:00:00,13.7,14,394,-0.300000000000001,13.85
"395",2019-07-22 00:00:00,14,11,395,3,12.5
"396",2019-07-22 01:00:00,9.7,10,396,-0.300000000000001,9.85
"397",2019-07-22 02:00:00,11.2,9,397,2.2,10.1
"398",2019-07-22 03:00:00,7.8,11,398,-3.2,9.4
"399",2019-07-22 04:00:00,12.6,11,399,1.6,11.8
"400",2019-07-22 05:00:00,13.3,9,400,4.3,11.15
"401",2019-07-22 06:00:00,13,14,401,-1,13.5
"402",2019-07-22 07:00:00,17.1,15,402,2.1,16.05
"403",2019-07-22 08:00:00,26.2,24,403,2.2,25.1
"404",2019-07-22 09:00:00,14.5,15,404,-0.5,14.75
"405",2019-07-22 10:00:00,16.9,20,405,-3.1,18.45
"406",2019-07-22 11:00:00,15.3,16,406,-0.699999999999999,15.65
"407",2019-07-22 12:00:00,15.9,16,407,-0.0999999999999996,15.95
"408",2019-07-22 13:00:00,18.1,17,408,1.1,17.55
"409",2019-07-22 14:00:00,19.7,20,409,-0.300000000000001,19.85
"410",2019-07-22 15:00:00,18,19,410,-1,18.5
"411",2019-07-22 16:00:00,14.6,11,411,3.6,12.8
"412",2019-07-22 17:00:00,17.9,15,412,2.9,16.45
"413",2019-07-22 18:00:00,15.7,14,413,1.7,14.85
"414",2019-07-22 19:00:00,17.3,17,414,0.300000000000001,17.15
"415",2019-07-22 20:00:00,17.7,20,415,-2.3,18.85
"416",2019-07-22 21:00:00,16.2,19,416,-2.8,17.6
"417",2019-07-22 22:00:00,20.3,18,417,2.3,19.15
"418",2019-07-22 23:00:00,9.2,12,418,-2.8,10.6
"419",2019-07-23 02:00:00,13.6,12,419,1.6,12.8
"420",2019-07-23 12:00:00,24,20,420,4,22
"421",2019-07-23 13:00:00,20.9,22,421,-1.1,21.45
"422",2019-07-23 14:00:00,27.4,21,422,6.4,24.2
"423",2019-07-23 15:00:00,28.7,29,423,-0.300000000000001,28.85
"424",2019-07-23 16:00:00,20.4,20,424,0.399999999999999,20.2
"425",2019-07-23 17:00:00,19.5,19,425,0.5,19.25
"426",2019-07-23 18:00:00,25.6,24,426,1.6,24.8
"427",2019-07-23 19:00:00,30,28,427,2,29
"428",2019-07-23 20:00:00,23,22,428,1,22.5
"429",2019-07-23 21:00:00,23.4,19,429,4.4,21.2
"430",2019-07-23 22:00:00,24.6,25,430,-0.399999999999999,24.8
"431",2019-07-23 23:00:00,22.3,21,431,1.3,21.65
"432",2019-07-24 00:00:00,15.9,16,432,-0.0999999999999996,15.95
"433",2019-07-24 01:00:00,16.6,15,433,1.6,15.8
"434",2019-07-24 02:00:00,15.5,14,434,1.5,14.75
"435",2019-07-24 03:00:00,16.4,18,435,-1.6,17.2
"436",2019-07-24 04:00:00,15,15,436,0,15
"437",2019-07-24 05:00:00,18.8,20,437,-1.2,19.4
"438",2019-07-24 06:00:00,20.1,18,438,2.1,19.05
"439",2019-07-24 07:00:00,22.4,23,439,-0.600000000000001,22.7
"440",2019-07-24 08:00:00,28.8,23,440,5.8,25.9
"441",2019-07-24 09:00:00,23.8,27,441,-3.2,25.4
"442",2019-07-24 10:00:00,19.7,16,442,3.7,17.85
"443",2019-07-24 11:00:00,18.4,17,443,1.4,17.7
"444",2019-07-24 12:00:00,16.9,17,444,-0.100000000000001,16.95
"445",2019-07-24 13:00:00,21.3,19,445,2.3,20.15
"446",2019-07-24 14:00:00,18.1,19,446,-0.899999999999999,18.55
"447",2019-07-24 15:00:00,19.1,19,447,0.100000000000001,19.05
"448",2019-07-24 16:00:00,18.4,18,448,0.399999999999999,18.2
"449",2019-07-24 17:00:00,24.8,23,449,1.8,23.9
"450",2019-07-24 18:00:00,25.4,23,450,2.4,24.2
"451",2019-07-24 19:00:00,25.3,26,451,-0.699999999999999,25.65
"452",2019-07-24 20:00:00,26.3,27,452,-0.699999999999999,26.65
"453",2019-07-24 21:00:00,24.9,23,453,1.9,23.95
"454",2019-07-24 22:00:00,24.2,24,454,0.199999999999999,24.1
"455",2019-07-24 23:00:00,24.2,26,455,-1.8,25.1
"456",2019-07-25 00:00:00,15.2,16,456,-0.800000000000001,15.6
"457",2019-07-25 01:00:00,10.6,11,457,-0.4,10.8
"458",2019-07-25 02:00:00,14.4,14,458,0.4,14.2
"459",2019-07-25 05:00:00,17.8,14,459,3.8,15.9
"460",2019-07-25 06:00:00,18.5,20,460,-1.5,19.25
"461",2019-07-25 07:00:00,21.7,20,461,1.7,20.85
"462",2019-07-25 08:00:00,20.9,22,462,-1.1,21.45
"463",2019-07-25 09:00:00,12.6,15,463,-2.4,13.8
"464",2019-07-25 10:00:00,14.9,15,464,-0.0999999999999996,14.95
"465",2019-07-25 11:00:00,14.5,13,465,1.5,13.75
"466",2019-07-25 12:00:00,12.7,15,466,-2.3,13.85
"467",2019-07-25 13:00:00,15.7,18,467,-2.3,16.85
"468",2019-07-25 14:00:00,17.9,19,468,-1.1,18.45
"469",2019-07-25 15:00:00,17.3,14,469,3.3,15.65
"470",2019-07-25 16:00:00,18.9,18,470,0.899999999999999,18.45
"471",2019-07-25 17:00:00,22.8,23,471,-0.199999999999999,22.9
"472",2019-07-25 18:00:00,19,21,472,-2,20
"473",2019-07-25 19:00:00,28.1,27,473,1.1,27.55
"474",2019-07-25 20:00:00,10.6,15,474,-4.4,12.8
"475",2019-07-25 21:00:00,20,18,475,2,19
"476",2019-07-25 22:00:00,16.2,12,476,4.2,14.1
"477",2019-07-25 23:00:00,22.9,20,477,2.9,21.45
"478",2019-07-26 00:00:00,22.4,26,478,-3.6,24.2
"479",2019-07-26 01:00:00,22.3,24,479,-1.7,23.15
"480",2019-07-26 02:00:00,20.9,24,480,-3.1,22.45
"481",2019-07-26 03:00:00,21.1,21,481,0.100000000000001,21.05
"482",2019-07-26 04:00:00,21.8,23,482,-1.2,22.4
"483",2019-07-26 05:00:00,20.4,23,483,-2.6,21.7
"484",2019-07-26 06:00:00,26,24,484,2,25
"485",2019-07-26 07:00:00,35.8,34,485,1.8,34.9
"486",2019-07-26 08:00:00,38.9,36,486,2.9,37.45
"487",2019-07-26 09:00:00,26.7,29,487,-2.3,27.85
"488",2019-07-26 10:00:00,27.9,27,488,0.899999999999999,27.45
"489",2019-07-26 11:00:00,22.8,23,489,-0.199999999999999,22.9
"490",2019-07-26 12:00:00,13.9,14,490,-0.0999999999999996,13.95
"491",2019-07-26 13:00:00,13.2,12,491,1.2,12.6
"492",2019-07-26 14:00:00,11.9,9,492,2.9,10.45
"493",2019-07-26 15:00:00,10.2,10,493,0.199999999999999,10.1
"494",2019-07-26 16:00:00,13.7,11,494,2.7,12.35
"495",2019-07-26 17:00:00,11.9,6,495,5.9,8.95
"496",2019-07-26 18:00:00,18.3,17,496,1.3,17.65
"497",2019-07-26 19:00:00,21,19,497,2,20
"498",2019-07-26 20:00:00,14.5,17,498,-2.5,15.75
"499",2019-07-26 21:00:00,23.8,21,499,2.8,22.4
"500",2019-07-26 22:00:00,22.5,15,500,7.5,18.75
"501",2019-07-26 23:00:00,20.5,19,501,1.5,19.75
"502",2019-07-27 00:00:00,19.2,19,502,0.199999999999999,19.1
"503",2019-07-27 01:00:00,14.5,15,503,-0.5,14.75
"504",2019-07-27 02:00:00,10.3,10,504,0.300000000000001,10.15
"505",2019-07-27 03:00:00,9.3,11,505,-1.7,10.15
"506",2019-07-27 04:00:00,17.3,16,506,1.3,16.65
"507",2019-07-27 05:00:00,15.6,17,507,-1.4,16.3
"508",2019-07-27 06:00:00,23.1,20,508,3.1,21.55
"509",2019-07-27 07:00:00,24.5,23,509,1.5,23.75
"510",2019-07-27 08:00:00,27.9,30,510,-2.1,28.95
"511",2019-07-27 09:00:00,18.5,18,511,0.5,18.25
"512",2019-07-27 10:00:00,20.4,20,512,0.399999999999999,20.2
"513",2019-07-27 11:00:00,23.3,23,513,0.300000000000001,23.15
"514",2019-07-27 12:00:00,23.6,18,514,5.6,20.8
"515",2019-07-27 13:00:00,23.2,20,515,3.2,21.6
"516",2019-07-27 14:00:00,17.3,18,516,-0.699999999999999,17.65
"517",2019-07-27 15:00:00,20.5,18,517,2.5,19.25
"518",2019-07-27 16:00:00,24.8,20,518,4.8,22.4
"519",2019-07-27 17:00:00,21.4,22,519,-0.600000000000001,21.7
"520",2019-07-27 18:00:00,22.2,23,520,-0.800000000000001,22.6
"521",2019-07-27 19:00:00,25.7,23,521,2.7,24.35
"522",2019-07-27 20:00:00,21.5,20,522,1.5,20.75
"523",2019-07-27 21:00:00,21.8,19,523,2.8,20.4
"524",2019-07-27 22:00:00,23.8,20,524,3.8,21.9
"525",2019-07-27 23:00:00,21,20,525,1,20.5
"526",2019-07-28 00:00:00,13.2,15,526,-1.8,14.1
"527",2019-07-28 01:00:00,13.7,14,527,-0.300000000000001,13.85
"528",2019-07-28 02:00:00,13.5,12,528,1.5,12.75
"529",2019-07-28 03:00:00,16.1,17,529,-0.899999999999999,16.55
"530",2019-07-28 04:00:00,16.1,12,530,4.1,14.05
"531",2019-07-28 05:00:00,13.1,15,531,-1.9,14.05
"532",2019-07-28 06:00:00,15.5,18,532,-2.5,16.75
"533",2019-07-28 07:00:00,19.8,20,533,-0.199999999999999,19.9
"534",2019-07-28 08:00:00,18.9,20,534,-1.1,19.45
"535",2019-07-28 09:00:00,15.8,20,535,-4.2,17.9
"536",2019-07-28 10:00:00,21.1,19,536,2.1,20.05
"537",2019-07-28 11:00:00,22,22,537,0,22
"538",2019-07-28 12:00:00,19.8,20,538,-0.199999999999999,19.9
"539",2019-07-28 13:00:00,26.4,23,539,3.4,24.7
"540",2019-07-28 14:00:00,15.8,19,540,-3.2,17.4
"541",2019-07-28 15:00:00,13.4,13,541,0.4,13.2
"542",2019-07-28 16:00:00,25.9,19,542,6.9,22.45
"543",2019-07-28 17:00:00,12.1,10,543,2.1,11.05
"544",2019-07-28 18:00:00,20.1,26,544,-5.9,23.05
"545",2019-07-28 19:00:00,15.3,14,545,1.3,14.65
"546",2019-07-28 20:00:00,23.4,23,546,0.399999999999999,23.2
"547",2019-07-28 21:00:00,19.1,19,547,0.100000000000001,19.05
"548",2019-07-28 22:00:00,27.1,28,548,-0.899999999999999,27.55
"549",2019-07-28 23:00:00,26.6,25,549,1.6,25.8
"550",2019-07-29 00:00:00,20.3,20,550,0.300000000000001,20.15
"551",2019-07-29 01:00:00,16.3,17,551,-0.699999999999999,16.65
"552",2019-07-29 02:00:00,15.7,16,552,-0.300000000000001,15.85
"553",2019-07-29 03:00:00,17.9,17,553,0.899999999999999,17.45
"554",2019-07-29 04:00:00,20.8,18,554,2.8,19.4
"555",2019-07-29 05:00:00,15.1,19,555,-3.9,17.05
"556",2019-07-29 06:00:00,21.8,22,556,-0.199999999999999,21.9
"557",2019-07-29 07:00:00,23.4,25,557,-1.6,24.2
"558",2019-07-29 08:00:00,31.1,32,558,-0.899999999999999,31.55
"559",2019-07-29 09:00:00,26.3,28,559,-1.7,27.15
"560",2019-07-29 10:00:00,17.1,20,560,-2.9,18.55
"561",2019-07-29 11:00:00,20,17,561,3,18.5
"562",2019-07-29 12:00:00,18.9,17,562,1.9,17.95
"563",2019-07-29 13:00:00,20.4,21,563,-0.600000000000001,20.7
"564",2019-07-29 14:00:00,22.6,23,564,-0.399999999999999,22.8
"565",2019-07-29 15:00:00,24,22,565,2,23
"566",2019-07-29 16:00:00,20.1,18,566,2.1,19.05
"567",2019-07-29 17:00:00,14.2,17,567,-2.8,15.6
"568",2019-07-29 18:00:00,24.2,23,568,1.2,23.6
"569",2019-07-29 19:00:00,20.7,23,569,-2.3,21.85
"570",2019-07-29 20:00:00,22,21,570,1,21.5
"571",2019-07-29 21:00:00,22.3,21,571,1.3,21.65
"572",2019-07-29 22:00:00,19.1,22,572,-2.9,20.55
"573",2019-07-29 23:00:00,18.2,17,573,1.2,17.6
"574",2019-07-30 00:00:00,17.4,16,574,1.4,16.7
"575",2019-07-30 01:00:00,12.9,12,575,0.9,12.45
"576",2019-07-30 02:00:00,15.9,13,576,2.9,14.45
"577",2019-07-30 03:00:00,16.1,8,577,8.1,12.05
"578",2019-07-30 04:00:00,15.2,16,578,-0.800000000000001,15.6
"579",2019-07-30 05:00:00,16.3,17,579,-0.699999999999999,16.65
"580",2019-07-30 06:00:00,18.4,15,580,3.4,16.7
"581",2019-07-30 07:00:00,21.6,25,581,-3.4,23.3
"582",2019-07-30 08:00:00,27.5,28,582,-0.5,27.75
"583",2019-07-30 09:00:00,24.2,23,583,1.2,23.6
"584",2019-07-30 10:00:00,13.6,19,584,-5.4,16.3
"585",2019-07-30 11:00:00,18,19,585,-1,18.5
"586",2019-07-30 12:00:00,21.3,21,586,0.300000000000001,21.15
"587",2019-07-30 13:00:00,21.1,17,587,4.1,19.05
"588",2019-07-30 14:00:00,14.8,14,588,0.800000000000001,14.4
"589",2019-07-30 15:00:00,14.1,11,589,3.1,12.55
"590",2019-07-30 16:00:00,15.6,13,590,2.6,14.3
"591",2019-07-30 17:00:00,17.4,16,591,1.4,16.7
"592",2019-07-30 18:00:00,15.2,14,592,1.2,14.6
"593",2019-07-30 19:00:00,22.1,21,593,1.1,21.55
"594",2019-07-30 20:00:00,24.9,23,594,1.9,23.95
"595",2019-07-30 21:00:00,30.8,31,595,-0.199999999999999,30.9
"596",2019-07-30 22:00:00,20.7,24,596,-3.3,22.35
"597",2019-07-30 23:00:00,23.6,21,597,2.6,22.3
"598",2019-07-31 00:00:00,23.2,22,598,1.2,22.6
"599",2019-07-31 01:00:00,19.3,17,599,2.3,18.15
"600",2019-07-31 02:00:00,15.5,17,600,-1.5,16.25
"601",2019-07-31 03:00:00,15.6,17,601,-1.4,16.3
"602",2019-07-31 04:00:00,15.1,17,602,-1.9,16.05
"603",2019-07-31 05:00:00,16.7,18,603,-1.3,17.35
"604",2019-07-31 06:00:00,24.9,20,604,4.9,22.45
"605",2019-07-31 07:00:00,28.8,26,605,2.8,27.4
"606",2019-07-31 08:00:00,31.9,35,606,-3.1,33.45
"607",2019-07-31 09:00:00,36.8,39,607,-2.2,37.9
"608",2019-07-31 10:00:00,24,24,608,0,24
"609",2019-07-31 11:00:00,19.8,18,609,1.8,18.9
"610",2019-07-31 12:00:00,17.4,16,610,1.4,16.7
"611",2019-07-31 13:00:00,16.7,17,611,-0.300000000000001,16.85
"612",2019-07-31 14:00:00,15.3,15,612,0.300000000000001,15.15
"613",2019-07-31 15:00:00,19.5,21,613,-1.5,20.25
"614",2019-07-31 16:00:00,18.3,12,614,6.3,15.15
"615",2019-07-31 17:00:00,20.8,22,615,-1.2,21.4
"616",2019-07-31 18:00:00,21.4,18,616,3.4,19.7
"617",2019-07-31 19:00:00,26.1,26,617,0.100000000000001,26.05
"618",2019-07-31 20:00:00,22.5,24,618,-1.5,23.25
"619",2019-07-31 21:00:00,25.5,22,619,3.5,23.75
"620",2019-07-31 22:00:00,20.4,21,620,-0.600000000000001,20.7
"621",2019-07-31 23:00:00,22.9,22,621,0.899999999999999,22.45
"622",2019-08-01 00:00:00,21.5,24,622,-2.5,22.75
"623",2019-08-01 01:00:00,21.1,19,623,2.1,20.05
"624",2019-08-01 02:00:00,18.4,17,624,1.4,17.7
"625",2019-08-01 03:00:00,18.6,19,625,-0.399999999999999,18.8
"626",2019-08-01 04:00:00,13.6,14,626,-0.4,13.8
"627",2019-08-01 05:00:00,19.3,13,627,6.3,16.15
"628",2019-08-01 06:00:00,19.8,20,628,-0.199999999999999,19.9
"629",2019-08-01 07:00:00,24.1,22,629,2.1,23.05
"630",2019-08-01 08:00:00,26.2,29,630,-2.8,27.6
"631",2019-08-01 09:00:00,25.1,22,631,3.1,23.55
"632",2019-08-01 10:00:00,19.5,19,632,0.5,19.25
"633",2019-08-01 11:00:00,14.7,16,633,-1.3,15.35
"634",2019-08-01 12:00:00,19.1,18,634,1.1,18.55
"635",2019-08-01 13:00:00,14.7,16,635,-1.3,15.35
"636",2019-08-01 14:00:00,14.4,12,636,2.4,13.2
"637",2019-08-01 15:00:00,9.8,10,637,-0.199999999999999,9.9
"638",2019-08-01 16:00:00,14.3,14,638,0.300000000000001,14.15
"639",2019-08-01 17:00:00,17.4,20,639,-2.6,18.7
"640",2019-08-01 18:00:00,16.9,14,640,2.9,15.45
"641",2019-08-01 19:00:00,26.1,22,641,4.1,24.05
"642",2019-08-01 20:00:00,22.8,22,642,0.800000000000001,22.4
"643",2019-08-01 21:00:00,20.5,17,643,3.5,18.75
"644",2019-08-01 22:00:00,22.3,21,644,1.3,21.65
"645",2019-08-01 23:00:00,16.8,16,645,0.800000000000001,16.4
"646",2019-08-02 00:00:00,14.5,14,646,0.5,14.25
"647",2019-08-02 01:00:00,10.5,14,647,-3.5,12.25
"648",2019-08-02 02:00:00,13.5,14,648,-0.5,13.75
"649",2019-08-02 03:00:00,14.6,11,649,3.6,12.8
"650",2019-08-02 04:00:00,12,15,650,-3,13.5
"651",2019-08-02 05:00:00,18.8,15,651,3.8,16.9
"652",2019-08-02 06:00:00,15.6,15,652,0.6,15.3
"653",2019-08-02 07:00:00,19.4,23,653,-3.6,21.2
"654",2019-08-02 08:00:00,25.2,24,654,1.2,24.6
"655",2019-08-02 09:00:00,22.6,21,655,1.6,21.8
"656",2019-08-02 10:00:00,19.6,19,656,0.600000000000001,19.3
"657",2019-08-02 11:00:00,18.9,19,657,-0.100000000000001,18.95
"658",2019-08-02 12:00:00,19.2,22,658,-2.8,20.6
"659",2019-08-02 13:00:00,20.9,21,659,-0.100000000000001,20.95
"660",2019-08-02 14:00:00,15.7,14,660,1.7,14.85
"661",2019-08-02 15:00:00,18.9,17,661,1.9,17.95
"662",2019-08-02 16:00:00,14.3,16,662,-1.7,15.15
"663",2019-08-02 17:00:00,15.7,17,663,-1.3,16.35
"664",2019-08-02 18:00:00,16,18,664,-2,17
"665",2019-08-02 19:00:00,18,20,665,-2,19
"666",2019-08-02 20:00:00,20.3,18,666,2.3,19.15
"667",2019-08-02 21:00:00,25.1,23,667,2.1,24.05
"668",2019-08-02 22:00:00,21.8,23,668,-1.2,22.4
"669",2019-08-02 23:00:00,20.6,21,669,-0.399999999999999,20.8
"670",2019-08-03 00:00:00,12.1,19,670,-6.9,15.55
"671",2019-08-03 01:00:00,13.6,14,671,-0.4,13.8
"672",2019-08-03 02:00:00,11.4,13,672,-1.6,12.2
"673",2019-08-03 03:00:00,13.2,12,673,1.2,12.6
"674",2019-08-03 04:00:00,13.4,11,674,2.4,12.2
"675",2019-08-03 05:00:00,11,12,675,-1,11.5
"676",2019-08-03 06:00:00,14.2,14,676,0.199999999999999,14.1
"677",2019-08-03 07:00:00,16.3,15,677,1.3,15.65
"678",2019-08-03 08:00:00,17.7,18,678,-0.300000000000001,17.85
"679",2019-08-03 09:00:00,14.3,17,679,-2.7,15.65
"680",2019-08-03 10:00:00,19.7,15,680,4.7,17.35
"681",2019-08-03 11:00:00,18.6,16,681,2.6,17.3
"682",2019-08-03 12:00:00,20.4,17,682,3.4,18.7
"683",2019-08-03 13:00:00,19.8,16,683,3.8,17.9
"684",2019-08-03 14:00:00,19.8,17,684,2.8,18.4
"685",2019-08-03 17:00:00,21.4,21,685,0.399999999999999,21.2
"686",2019-08-03 18:00:00,17.6,23,686,-5.4,20.3
"687",2019-08-03 19:00:00,21.6,19,687,2.6,20.3
"688",2019-08-03 20:00:00,19.4,21,688,-1.6,20.2
"689",2019-08-03 21:00:00,19.6,19,689,0.600000000000001,19.3
"690",2019-08-03 22:00:00,18.1,16,690,2.1,17.05
"691",2019-08-03 23:00:00,24.2,21,691,3.2,22.6
"692",2019-08-04 00:00:00,18.7,18,692,0.699999999999999,18.35
"693",2019-08-04 01:00:00,13.1,11,693,2.1,12.05
"694",2019-08-04 02:00:00,17.3,12,694,5.3,14.65
"695",2019-08-04 03:00:00,9.4,16,695,-6.6,12.7
"696",2019-08-04 04:00:00,9,10,696,-1,9.5
"697",2019-08-04 05:00:00,9.9,13,697,-3.1,11.45
"698",2019-08-04 06:00:00,14.2,15,698,-0.800000000000001,14.6
"699",2019-08-04 07:00:00,14,16,699,-2,15
"700",2019-08-04 08:00:00,20.8,18,700,2.8,19.4
"701",2019-08-04 09:00:00,19.4,24,701,-4.6,21.7
"702",2019-08-04 10:00:00,16.1,15,702,1.1,15.55
"703",2019-08-04 11:00:00,12.4,12,703,0.4,12.2
"704",2019-08-04 12:00:00,15.8,16,704,-0.199999999999999,15.9
"705",2019-08-04 13:00:00,12.1,10,705,2.1,11.05
"706",2019-08-04 14:00:00,16,14,706,2,15
"707",2019-08-04 15:00:00,20.5,19,707,1.5,19.75
"708",2019-08-04 16:00:00,18.4,17,708,1.4,17.7
"709",2019-08-04 17:00:00,15.3,14,709,1.3,14.65
"710",2019-08-04 18:00:00,12.9,14,710,-1.1,13.45
"711",2019-08-04 19:00:00,15.2,12,711,3.2,13.6
"712",2019-08-04 20:00:00,14.2,9,712,5.2,11.6
"713",2019-08-04 21:00:00,17.3,12,713,5.3,14.65
"714",2019-08-05 11:00:00,19.1,21,714,-1.9,20.05
"715",2019-08-05 12:00:00,14.6,16,715,-1.4,15.3
"716",2019-08-05 13:00:00,12.9,13,716,-0.0999999999999996,12.95
"717",2019-08-05 14:00:00,10.4,11,717,-0.6,10.7
"718",2019-08-05 15:00:00,12.4,15,718,-2.6,13.7
"719",2019-08-05 16:00:00,14.8,15,719,-0.199999999999999,14.9
"720",2019-08-05 17:00:00,10.5,7,720,3.5,8.75
"721",2019-08-05 18:00:00,8.8,9,721,-0.199999999999999,8.9
"722",2019-08-05 19:00:00,12.1,12,722,0.0999999999999996,12.05
"723",2019-08-05 20:00:00,14.6,18,723,-3.4,16.3
"724",2019-08-05 21:00:00,14.6,12,724,2.6,13.3
"725",2019-08-05 22:00:00,12.5,14,725,-1.5,13.25
"726",2019-08-05 23:00:00,13.6,12,726,1.6,12.8
"727",2019-08-06 00:00:00,8.5,12,727,-3.5,10.25
"728",2019-08-06 01:00:00,6.9,12,728,-5.1,9.45
"729",2019-08-06 02:00:00,7,12,729,-5,9.5
"730",2019-08-06 03:00:00,6.9,12,730,-5.1,9.45
"731",2019-08-06 04:00:00,10,12,731,-2,11
"732",2019-08-06 05:00:00,6.6,12,732,-5.4,9.3
"733",2019-08-06 06:00:00,14.6,12,733,2.6,13.3
"734",2019-08-06 07:00:00,13.9,12,734,1.9,12.95
"735",2019-08-06 08:00:00,21.3,12,735,9.3,16.65
"736",2019-08-06 09:00:00,24.1,12,736,12.1,18.05
"737",2019-08-06 12:00:00,5.2,13,737,-7.8,9.1
"738",2019-08-06 13:00:00,6.2,13,738,-6.8,9.6
"739",2019-08-06 14:00:00,14.1,13,739,1.1,13.55
"740",2019-08-06 17:00:00,11.9,13,740,-1.1,12.45
"741",2019-08-06 18:00:00,21.3,13,741,8.3,17.15
"742",2019-08-06 19:00:00,18.8,13,742,5.8,15.9
"743",2019-08-06 20:00:00,19,13,743,6,16
"744",2019-08-06 21:00:00,15.6,13,744,2.6,14.3
"745",2019-08-06 22:00:00,12.7,12,745,0.699999999999999,12.35
"746",2019-08-06 23:00:00,12.4,10,746,2.4,11.2
"747",2019-08-07 00:00:00,10.5,12,747,-1.5,11.25
"748",2019-08-07 01:00:00,10.6,9,748,1.6,9.8
"749",2019-08-07 04:00:00,5.5,7,749,-1.5,6.25
"750",2019-08-07 05:00:00,5.5,6,750,-0.5,5.75
"751",2019-08-07 06:00:00,11.4,10,751,1.4,10.7
"752",2019-08-07 07:00:00,17.5,16,752,1.5,16.75
"753",2019-08-07 08:00:00,22,23,753,-1,22.5
"754",2019-08-07 09:00:00,16.9,21,754,-4.1,18.95
"755",2019-08-07 10:00:00,23.2,24,755,-0.800000000000001,23.6
"756",2019-08-07 11:00:00,16.7,15,756,1.7,15.85
"757",2019-08-07 12:00:00,16.3,16,757,0.300000000000001,16.15
"758",2019-08-07 13:00:00,10.2,10,758,0.199999999999999,10.1
"759",2019-08-07 14:00:00,9,9,759,0,9
"760",2019-08-07 15:00:00,8.2,8,760,0.199999999999999,8.1
"761",2019-08-07 16:00:00,11,9,761,2,10
"762",2019-08-07 17:00:00,7.5,11,762,-3.5,9.25
"763",2019-08-07 18:00:00,10.6,13,763,-2.4,11.8
"764",2019-08-07 19:00:00,15,16,764,-1,15.5
"765",2019-08-07 20:00:00,12.5,14,765,-1.5,13.25
"766",2019-08-07 21:00:00,15.9,17,766,-1.1,16.45
"767",2019-08-07 22:00:00,17,15,767,2,16
"768",2019-08-07 23:00:00,13.2,14,768,-0.800000000000001,13.6
"769",2019-08-08 00:00:00,11.9,12,769,-0.0999999999999996,11.95
"770",2019-08-08 01:00:00,7.4,9,770,-1.6,8.2
"771",2019-08-08 02:00:00,10.4,7,771,3.4,8.7
"772",2019-08-08 03:00:00,9.3,10,772,-0.699999999999999,9.65
"773",2019-08-08 04:00:00,9.3,10,773,-0.699999999999999,9.65
"774",2019-08-08 05:00:00,8.4,9,774,-0.6,8.7
"775",2019-08-08 06:00:00,11.2,13,775,-1.8,12.1
"776",2019-08-08 07:00:00,14.7,11,776,3.7,12.85
"777",2019-08-08 08:00:00,18.3,21,777,-2.7,19.65
"778",2019-08-08 09:00:00,14.2,15,778,-0.800000000000001,14.6
"779",2019-08-08 10:00:00,10,15,779,-5,12.5
"780",2019-08-08 13:00:00,21.2,19,780,2.2,20.1
"781",2019-08-08 14:00:00,22.7,20,781,2.7,21.35
"782",2019-08-08 15:00:00,26.8,25,782,1.8,25.9
"783",2019-08-08 16:00:00,21.3,24,783,-2.7,22.65
"784",2019-08-08 19:00:00,21.8,17,784,4.8,19.4
"785",2019-08-08 20:00:00,16.1,18,785,-1.9,17.05
"786",2019-08-08 21:00:00,17.6,18,786,-0.399999999999999,17.8
"787",2019-08-08 22:00:00,15.8,18,787,-2.2,16.9
"788",2019-08-08 23:00:00,14.2,17,788,-2.8,15.6
"789",2019-08-09 00:00:00,16.3,13,789,3.3,14.65
"790",2019-08-09 01:00:00,15.2,14,790,1.2,14.6
"791",2019-08-09 02:00:00,10.3,9,791,1.3,9.65
"792",2019-08-09 03:00:00,3.6,6,792,-2.4,4.8
"793",2019-08-09 04:00:00,5.1,8,793,-2.9,6.55
"794",2019-08-09 05:00:00,5.4,6,794,-0.6,5.7
"795",2019-08-09 06:00:00,6.9,14,795,-7.1,10.45
"796",2019-08-09 07:00:00,18.1,18,796,0.100000000000001,18.05
"797",2019-08-09 08:00:00,14.1,19,797,-4.9,16.55
"798",2019-08-09 09:00:00,16,22,798,-6,19
"799",2019-08-09 10:00:00,17.3,17,799,0.300000000000001,17.15
"800",2019-08-09 11:00:00,22.5,22,800,0.5,22.25
"801",2019-08-09 12:00:00,19.4,18,801,1.4,18.7
"802",2019-08-09 13:00:00,15.2,20,802,-4.8,17.6
"803",2019-08-09 14:00:00,12.2,18,803,-5.8,15.1
"804",2019-08-09 15:00:00,14.5,14,804,0.5,14.25
"805",2019-08-09 16:00:00,15,15,805,0,15
"806",2019-08-09 17:00:00,17.8,20,806,-2.2,18.9
"807",2019-08-09 18:00:00,15.3,14,807,1.3,14.65
"808",2019-08-09 19:00:00,16.9,16,808,0.899999999999999,16.45
"809",2019-08-09 20:00:00,13.1,14,809,-0.9,13.55
"810",2019-08-09 21:00:00,16.3,14,810,2.3,15.15
"811",2019-08-09 22:00:00,13,12,811,1,12.5
"812",2019-08-09 23:00:00,12.9,13,812,-0.0999999999999996,12.95
"813",2019-08-10 00:00:00,11.3,12,813,-0.699999999999999,11.65
"814",2019-08-10 03:00:00,15,14,814,1,14.5
"815",2019-08-10 04:00:00,12.7,13,815,-0.300000000000001,12.85
"816",2019-08-10 05:00:00,10.4,13,816,-2.6,11.7
"817",2019-08-10 06:00:00,10.4,12,817,-1.6,11.2
"818",2019-08-10 07:00:00,10.3,14,818,-3.7,12.15
"819",2019-08-10 08:00:00,18.8,19,819,-0.199999999999999,18.9
"820",2019-08-10 09:00:00,14,16,820,-2,15
"821",2019-08-10 10:00:00,7.5,8,821,-0.5,7.75
"822",2019-08-10 11:00:00,15.3,19,822,-3.7,17.15
"823",2019-08-10 12:00:00,14.1,14,823,0.0999999999999996,14.05
"824",2019-08-10 13:00:00,14.6,16,824,-1.4,15.3
"825",2019-08-10 14:00:00,14.3,17,825,-2.7,15.65
"826",2019-08-10 15:00:00,15.6,18,826,-2.4,16.8
"827",2019-08-10 16:00:00,13.3,14,827,-0.699999999999999,13.65
"828",2019-08-10 17:00:00,14.1,13,828,1.1,13.55
"829",2019-08-10 18:00:00,18.9,18,829,0.899999999999999,18.45
"830",2019-08-10 19:00:00,15.4,16,830,-0.6,15.7
"831",2019-08-10 20:00:00,15.4,17,831,-1.6,16.2
"832",2019-08-10 21:00:00,19.6,15,832,4.6,17.3
"833",2019-08-10 22:00:00,10.1,10,833,0.0999999999999996,10.05
"834",2019-08-10 23:00:00,14.8,13,834,1.8,13.9
"835",2019-08-11 00:00:00,6.9,11,835,-4.1,8.95
"836",2019-08-11 01:00:00,10.4,11,836,-0.6,10.7
"837",2019-08-11 02:00:00,11.4,12,837,-0.6,11.7
"838",2019-08-11 03:00:00,11.1,10,838,1.1,10.55
"839",2019-08-11 06:00:00,13.7,13,839,0.699999999999999,13.35
"840",2019-08-11 07:00:00,12.5,18,840,-5.5,15.25
"841",2019-08-11 08:00:00,13.3,18,841,-4.7,15.65
"842",2019-08-11 09:00:00,14.2,13,842,1.2,13.6
"843",2019-08-11 10:00:00,10,11,843,-1,10.5
"844",2019-08-11 11:00:00,10.9,13,844,-2.1,11.95
"845",2019-08-11 12:00:00,17.6,15,845,2.6,16.3
"846",2019-08-11 13:00:00,8.7,8,846,0.699999999999999,8.35
"847",2019-08-11 14:00:00,10.5,12,847,-1.5,11.25
"848",2019-08-11 15:00:00,15.8,18,848,-2.2,16.9
"849",2019-08-11 16:00:00,14.6,16,849,-1.4,15.3
"850",2019-08-11 17:00:00,11.8,14,850,-2.2,12.9
"851",2019-08-11 18:00:00,10.9,15,851,-4.1,12.95
"852",2019-08-11 19:00:00,12.4,13,852,-0.6,12.7
"853",2019-08-11 20:00:00,18,19,853,-1,18.5
"854",2019-08-11 21:00:00,12.7,16,854,-3.3,14.35
"855",2019-08-11 22:00:00,17.6,14,855,3.6,15.8
"856",2019-08-11 23:00:00,18.5,16,856,2.5,17.25
"857",2019-08-12 00:00:00,7.9,10,857,-2.1,8.95
"858",2019-08-12 01:00:00,7.9,13,858,-5.1,10.45
"859",2019-08-12 04:00:00,9.8,9,859,0.800000000000001,9.4
"860",2019-08-12 05:00:00,13,15,860,-2,14
"861",2019-08-12 06:00:00,13,13,861,0,13
"862",2019-08-12 07:00:00,20.9,24,862,-3.1,22.45
"863",2019-08-12 08:00:00,24.6,22,863,2.6,23.3
"864",2019-08-12 09:00:00,17.1,16,864,1.1,16.55
"865",2019-08-12 10:00:00,15.4,19,865,-3.6,17.2
"866",2019-08-12 11:00:00,12.5,13,866,-0.5,12.75
"867",2019-08-12 12:00:00,10.5,13,867,-2.5,11.75
"868",2019-08-12 13:00:00,12.4,15,868,-2.6,13.7
"869",2019-08-12 14:00:00,15.8,19,869,-3.2,17.4
"870",2019-08-12 15:00:00,9.4,10,870,-0.6,9.7
"871",2019-08-12 16:00:00,19.1,15,871,4.1,17.05
"872",2019-08-12 17:00:00,23,22,872,1,22.5
"873",2019-08-12 18:00:00,23,21,873,2,22
"874",2019-08-12 19:00:00,27.4,28,874,-0.600000000000001,27.7
"875",2019-08-12 20:00:00,25.6,22,875,3.6,23.8
"876",2019-08-12 21:00:00,29.5,28,876,1.5,28.75
"877",2019-08-12 22:00:00,28.9,30,877,-1.1,29.45
"878",2019-08-12 23:00:00,24.1,25,878,-0.899999999999999,24.55
"879",2019-08-13 00:00:00,11.8,13,879,-1.2,12.4
"880",2019-08-13 01:00:00,13.6,12,880,1.6,12.8
"881",2019-08-13 02:00:00,15.4,16,881,-0.6,15.7
"882",2019-08-13 03:00:00,18.4,17,882,1.4,17.7
"883",2019-08-13 04:00:00,19.2,22,883,-2.8,20.6
"884",2019-08-13 05:00:00,16.1,17,884,-0.899999999999999,16.55
"885",2019-08-13 06:00:00,14.1,12,885,2.1,13.05
"886",2019-08-13 07:00:00,17.8,19,886,-1.2,18.4
"887",2019-08-13 08:00:00,24.5,26,887,-1.5,25.25
"888",2019-08-13 09:00:00,18.4,20,888,-1.6,19.2
"889",2019-08-13 10:00:00,16,17,889,-1,16.5
"890",2019-08-13 11:00:00,11.1,13,890,-1.9,12.05
"891",2019-08-13 12:00:00,17.2,15,891,2.2,16.1
"892",2019-08-13 13:00:00,17.9,24,892,-6.1,20.95
"893",2019-08-13 14:00:00,14.4,12,893,2.4,13.2
"894",2019-08-13 15:00:00,19.6,19,894,0.600000000000001,19.3
"895",2019-08-13 16:00:00,26.1,30,895,-3.9,28.05
"896",2019-08-13 17:00:00,24.8,24,896,0.800000000000001,24.4
"897",2019-08-13 18:00:00,25,24,897,1,24.5
"898",2019-08-13 19:00:00,14,14,898,0,14
"899",2019-08-13 20:00:00,9,10,899,-1,9.5
"900",2019-08-13 21:00:00,12.7,13,900,-0.300000000000001,12.85
"901",2019-08-13 22:00:00,9.4,12,901,-2.6,10.7
"902",2019-08-13 23:00:00,30,30,902,0,30
"903",2019-08-14 00:00:00,25.4,25,903,0.399999999999999,25.2
"904",2019-08-14 01:00:00,26.4,25,904,1.4,25.7
"905",2019-08-14 02:00:00,22.1,20,905,2.1,21.05
"906",2019-08-14 03:00:00,18.8,16,906,2.8,17.4
"907",2019-08-14 04:00:00,22,23,907,-1,22.5
"908",2019-08-14 05:00:00,18.8,21,908,-2.2,19.9
"909",2019-08-14 06:00:00,23.3,22,909,1.3,22.65
"910",2019-08-14 07:00:00,33.7,30,910,3.7,31.85
"911",2019-08-14 08:00:00,26.8,32,911,-5.2,29.4
"912",2019-08-14 09:00:00,32.7,29,912,3.7,30.85
"913",2019-08-14 10:00:00,21.2,23,913,-1.8,22.1
"914",2019-08-14 11:00:00,22.4,24,914,-1.6,23.2
"915",2019-08-14 12:00:00,22.8,23,915,-0.199999999999999,22.9
"916",2019-08-14 13:00:00,19.6,20,916,-0.399999999999999,19.8
"917",2019-08-14 14:00:00,19.1,18,917,1.1,18.55
"918",2019-08-14 15:00:00,16.9,16,918,0.899999999999999,16.45
"919",2019-08-14 16:00:00,9.4,11,919,-1.6,10.2
"920",2019-08-14 17:00:00,18.5,22,920,-3.5,20.25
"921",2019-08-14 18:00:00,19.2,21,921,-1.8,20.1
"922",2019-08-14 19:00:00,10,11,922,-1,10.5
"923",2019-08-14 20:00:00,14.9,12,923,2.9,13.45
"924",2019-08-14 21:00:00,18.2,21,924,-2.8,19.6
"925",2019-08-14 22:00:00,19.2,22,925,-2.8,20.6
"926",2019-08-14 23:00:00,14.9,18,926,-3.1,16.45
"927",2019-08-15 00:00:00,12.4,19,927,-6.6,15.7
"928",2019-08-15 01:00:00,12.5,14,928,-1.5,13.25
"929",2019-08-15 02:00:00,6.1,12,929,-5.9,9.05
"930",2019-08-15 03:00:00,7.6,7,930,0.6,7.3
"931",2019-08-15 04:00:00,10.5,11,931,-0.5,10.75
"932",2019-08-15 05:00:00,14.4,14,932,0.4,14.2
"933",2019-08-15 06:00:00,10,10,933,0,10
"934",2019-08-15 07:00:00,12.9,12,934,0.9,12.45
"935",2019-08-15 08:00:00,18.6,22,935,-3.4,20.3
"936",2019-08-15 09:00:00,12.6,12,936,0.6,12.3
"937",2019-08-15 10:00:00,10.9,12,937,-1.1,11.45
"938",2019-08-15 11:00:00,18,16,938,2,17
"939",2019-08-15 12:00:00,15.1,17,939,-1.9,16.05
"940",2019-08-15 13:00:00,15.7,15,940,0.699999999999999,15.35
"941",2019-08-15 14:00:00,15,12,941,3,13.5
"942",2019-08-15 17:00:00,8.8,8,942,0.800000000000001,8.4
"943",2019-08-15 18:00:00,12.2,14,943,-1.8,13.1
"944",2019-08-15 19:00:00,13.2,12,944,1.2,12.6
"945",2019-08-15 20:00:00,18.2,24,945,-5.8,21.1
"946",2019-08-15 21:00:00,24,25,946,-1,24.5
"947",2019-08-15 22:00:00,26.4,22,947,4.4,24.2
"948",2019-08-15 23:00:00,14.2,17,948,-2.8,15.6
"949",2019-08-16 00:00:00,18.3,16,949,2.3,17.15
"950",2019-08-16 01:00:00,15.4,13,950,2.4,14.2
"951",2019-08-16 02:00:00,14.3,15,951,-0.699999999999999,14.65
"952",2019-08-16 03:00:00,12.3,15,952,-2.7,13.65
"953",2019-08-16 04:00:00,16.7,15,953,1.7,15.85
"954",2019-08-16 05:00:00,11.5,13,954,-1.5,12.25
"955",2019-08-16 06:00:00,19.2,20,955,-0.800000000000001,19.6
"956",2019-08-16 07:00:00,28.3,27,956,1.3,27.65
"957",2019-08-16 08:00:00,20.5,23,957,-2.5,21.75
"958",2019-08-16 09:00:00,18.5,22,958,-3.5,20.25
"959",2019-08-16 10:00:00,16.9,13,959,3.9,14.95
"960",2019-08-16 11:00:00,13.8,13,960,0.800000000000001,13.4
"961",2019-08-16 12:00:00,8.4,11,961,-2.6,9.7
"962",2019-08-16 13:00:00,9,9,962,0,9
"963",2019-08-16 16:00:00,16.4,17,963,-0.600000000000001,16.7
"964",2019-08-16 17:00:00,16.5,14,964,2.5,15.25
"965",2019-08-16 20:00:00,23.4,28,965,-4.6,25.7
"966",2019-08-16 21:00:00,6.1,9,966,-2.9,7.55
"967",2019-08-16 22:00:00,11.7,17,967,-5.3,14.35
"968",2019-08-16 23:00:00,17.9,21,968,-3.1,19.45
"969",2019-08-17 00:00:00,9,11,969,-2,10
"970",2019-08-17 01:00:00,15.9,13,970,2.9,14.45
"971",2019-08-17 02:00:00,10,12,971,-2,11
"972",2019-08-17 03:00:00,10.1,12,972,-1.9,11.05
"973",2019-08-17 04:00:00,10.1,11,973,-0.9,10.55
"974",2019-08-17 05:00:00,11.2,11,974,0.199999999999999,11.1
"975",2019-08-17 06:00:00,14.2,15,975,-0.800000000000001,14.6
"976",2019-08-17 07:00:00,18.4,19,976,-0.600000000000001,18.7
"977",2019-08-17 08:00:00,31.1,33,977,-1.9,32.05
"978",2019-08-17 09:00:00,28,32,978,-4,30
"979",2019-08-17 10:00:00,28.3,32,979,-3.7,30.15
"980",2019-08-17 11:00:00,29.8,33,980,-3.2,31.4
"981",2019-08-17 12:00:00,23.1,24,981,-0.899999999999999,23.55
"982",2019-08-17 13:00:00,15.9,17,982,-1.1,16.45
"983",2019-08-17 14:00:00,18,20,983,-2,19
"984",2019-08-17 15:00:00,17.5,21,984,-3.5,19.25
"985",2019-08-17 16:00:00,20.1,21,985,-0.899999999999999,20.55
"986",2019-08-17 17:00:00,21,20,986,1,20.5
"987",2019-08-17 18:00:00,16.9,23,987,-6.1,19.95
"988",2019-08-17 19:00:00,24.2,20,988,4.2,22.1
"989",2019-08-17 20:00:00,27.6,26,989,1.6,26.8
"990",2019-08-17 21:00:00,33.3,38,990,-4.7,35.65
"991",2019-08-17 22:00:00,28.1,31,991,-2.9,29.55
"992",2019-08-17 23:00:00,35.4,44,992,-8.6,39.7
"993",2019-08-18 00:00:00,32.6,39,993,-6.4,35.8
"994",2019-08-18 01:00:00,31,33,994,-2,32
"995",2019-08-18 02:00:00,16.5,16,995,0.5,16.25
"996",2019-08-18 03:00:00,11.7,13,996,-1.3,12.35
"997",2019-08-18 04:00:00,11.8,11,997,0.800000000000001,11.4
"998",2019-08-18 05:00:00,14.7,16,998,-1.3,15.35
"999",2019-08-18 06:00:00,16,18,999,-2,17
"1000",2019-08-18 07:00:00,22.5,22,1000,0.5,22.25
"1001",2019-08-18 08:00:00,23.8,27,1001,-3.2,25.4
"1002",2019-08-18 09:00:00,24.8,26,1002,-1.2,25.4
"1003",2019-08-18 10:00:00,28.4,29,1003,-0.600000000000001,28.7
"1004",2019-08-18 11:00:00,27.9,32,1004,-4.1,29.95
"1005",2019-08-18 12:00:00,27.9,33,1005,-5.1,30.45
"1006",2019-08-18 13:00:00,31,30,1006,1,30.5
"1007",2019-08-18 14:00:00,34.3,35,1007,-0.700000000000003,34.65
"1008",2019-08-18 15:00:00,19.3,20,1008,-0.699999999999999,19.65
"1009",2019-08-18 16:00:00,10.8,12,1009,-1.2,11.4
"1010",2019-08-18 17:00:00,15,20,1010,-5,17.5
"1011",2019-08-18 18:00:00,16.8,17,1011,-0.199999999999999,16.9
"1012",2019-08-18 19:00:00,25.1,21,1012,4.1,23.05
"1013",2019-08-18 20:00:00,28.3,27,1013,1.3,27.65
"1014",2019-08-18 21:00:00,27.6,30,1014,-2.4,28.8
"1015",2019-08-19 01:00:00,11.2,11,1015,0.199999999999999,11.1
"1016",2019-08-19 02:00:00,7.4,7,1016,0.4,7.2
"1017",2019-08-19 03:00:00,4.1,7,1017,-2.9,5.55
"1018",2019-08-19 04:00:00,7.9,10,1018,-2.1,8.95
"1019",2019-08-19 05:00:00,14.5,15,1019,-0.5,14.75
"1020",2019-08-19 06:00:00,25.3,24,1020,1.3,24.65
"1021",2019-08-19 07:00:00,20.7,21,1021,-0.300000000000001,20.85
"1022",2019-08-19 08:00:00,21.4,25,1022,-3.6,23.2
"1023",2019-08-19 09:00:00,14.8,18,1023,-3.2,16.4
"1024",2019-08-19 10:00:00,20.2,18,1024,2.2,19.1
"1025",2019-08-19 11:00:00,11.2,12,1025,-0.800000000000001,11.6
"1026",2019-08-19 12:00:00,13.2,14,1026,-0.800000000000001,13.6
"1027",2019-08-19 13:00:00,15.5,14,1027,1.5,14.75
"1028",2019-08-19 14:00:00,12.8,15,1028,-2.2,13.9
"1029",2019-08-19 15:00:00,15.5,17,1029,-1.5,16.25
"1030",2019-08-19 16:00:00,15.6,11,1030,4.6,13.3
"1031",2019-08-19 17:00:00,22.5,22,1031,0.5,22.25
"1032",2019-08-19 18:00:00,20.5,21,1032,-0.5,20.75
"1033",2019-08-19 19:00:00,28.5,28,1033,0.5,28.25
"1034",2019-08-19 20:00:00,26.5,29,1034,-2.5,27.75
"1035",2019-08-19 21:00:00,5.3,3,1035,2.3,4.15
"1036",2019-08-19 22:00:00,10.9,11,1036,-0.0999999999999996,10.95
"1037",2019-08-19 23:00:00,12.2,13,1037,-0.800000000000001,12.6
"1038",2019-08-20 00:00:00,19,26,1038,-7,22.5
"1039",2019-08-20 01:00:00,15.9,17,1039,-1.1,16.45
"1040",2019-08-20 02:00:00,8.4,13,1040,-4.6,10.7
"1041",2019-08-20 03:00:00,3.7,6,1041,-2.3,4.85
"1042",2019-08-20 04:00:00,16.5,19,1042,-2.5,17.75
"1043",2019-08-20 05:00:00,15.4,15,1043,0.4,15.2
"1044",2019-08-20 08:00:00,20,22,1044,-2,21
"1045",2019-08-20 09:00:00,23.7,24,1045,-0.300000000000001,23.85
"1046",2019-08-20 10:00:00,11.5,17,1046,-5.5,14.25
"1047",2019-08-20 11:00:00,19,16,1047,3,17.5
"1048",2019-08-20 12:00:00,11.8,14,1048,-2.2,12.9
"1049",2019-08-20 13:00:00,14.1,11,1049,3.1,12.55
"1050",2019-08-20 14:00:00,14.3,15,1050,-0.699999999999999,14.65
"1051",2019-08-20 17:00:00,20.3,21,1051,-0.699999999999999,20.65
"1052",2019-08-20 18:00:00,23.7,22,1052,1.7,22.85
"1053",2019-08-20 19:00:00,20.2,23,1053,-2.8,21.6
"1054",2019-08-20 20:00:00,30,32,1054,-2,31
"1055",2019-08-20 21:00:00,27.8,26,1055,1.8,26.9
"1056",2019-08-20 22:00:00,17.1,18,1056,-0.899999999999999,17.55
"1057",2019-08-20 23:00:00,17.4,20,1057,-2.6,18.7
"1058",2019-08-21 00:00:00,18.7,20,1058,-1.3,19.35
"1059",2019-08-21 01:00:00,11.5,13,1059,-1.5,12.25
"1060",2019-08-21 02:00:00,11,16,1060,-5,13.5
"1061",2019-08-21 03:00:00,11.9,10,1061,1.9,10.95
"1062",2019-08-21 04:00:00,11.5,16,1062,-4.5,13.75
"1063",2019-08-21 05:00:00,16.1,20,1063,-3.9,18.05
"1064",2019-08-21 06:00:00,17.2,19,1064,-1.8,18.1
"1065",2019-08-21 07:00:00,17.6,22,1065,-4.4,19.8
"1066",2019-08-21 08:00:00,22.5,23,1066,-0.5,22.75
"1067",2019-08-21 09:00:00,12.4,13,1067,-0.6,12.7
"1068",2019-08-21 10:00:00,10.5,13,1068,-2.5,11.75
"1069",2019-08-21 11:00:00,16.5,16,1069,0.5,16.25
"1070",2019-08-21 12:00:00,12.2,13,1070,-0.800000000000001,12.6
"1071",2019-08-21 13:00:00,14.8,12,1071,2.8,13.4
"1072",2019-08-21 14:00:00,15.4,11,1072,4.4,13.2
"1073",2019-08-21 15:00:00,13.8,16,1073,-2.2,14.9
"1074",2019-08-21 16:00:00,16.5,12,1074,4.5,14.25
"1075",2019-08-21 17:00:00,16.3,17,1075,-0.699999999999999,16.65
"1076",2019-08-21 18:00:00,19,23,1076,-4,21
"1077",2019-08-21 19:00:00,26.2,27,1077,-0.800000000000001,26.6
"1078",2019-08-21 20:00:00,21.6,19,1078,2.6,20.3
"1079",2019-08-21 21:00:00,15.4,21,1079,-5.6,18.2
"1080",2019-08-21 22:00:00,22.6,22,1080,0.600000000000001,22.3
"1081",2019-08-21 23:00:00,25.4,21,1081,4.4,23.2
"1082",2019-08-22 00:00:00,18.5,17,1082,1.5,17.75
"1083",2019-08-22 01:00:00,18,17,1083,1,17.5
"1084",2019-08-22 02:00:00,16.1,18,1084,-1.9,17.05
"1085",2019-08-22 03:00:00,17,16,1085,1,16.5
"1086",2019-08-22 04:00:00,13.5,13,1086,0.5,13.25
"1087",2019-08-22 05:00:00,15.8,13,1087,2.8,14.4
"1088",2019-08-22 06:00:00,16.1,16,1088,0.100000000000001,16.05
"1089",2019-08-22 07:00:00,18.8,17,1089,1.8,17.9
"1090",2019-08-22 08:00:00,21.8,22,1090,-0.199999999999999,21.9
"1091",2019-08-22 09:00:00,20,22,1091,-2,21
"1092",2019-08-22 10:00:00,11.7,9,1092,2.7,10.35
"1093",2019-08-22 11:00:00,12.1,13,1093,-0.9,12.55
"1094",2019-08-22 12:00:00,14.7,16,1094,-1.3,15.35
"1095",2019-08-22 13:00:00,12.1,12,1095,0.0999999999999996,12.05
"1096",2019-08-22 14:00:00,15.1,12,1096,3.1,13.55
"1097",2019-08-22 15:00:00,11.6,11,1097,0.6,11.3
"1098",2019-08-22 16:00:00,28.1,33,1098,-4.9,30.55
"1099",2019-08-22 17:00:00,13.9,13,1099,0.9,13.45
"1100",2019-08-22 18:00:00,30.8,27,1100,3.8,28.9
"1101",2019-08-22 19:00:00,27.4,28,1101,-0.600000000000001,27.7
"1102",2019-08-22 20:00:00,25.6,26,1102,-0.399999999999999,25.8
"1103",2019-08-23 22:00:00,25.8,24,1103,1.8,24.9
"1104",2019-08-23 23:00:00,20.1,23,1104,-2.9,21.55
"1105",2019-08-24 00:00:00,17.1,19,1105,-1.9,18.05
"1106",2019-08-24 01:00:00,16.1,17,1106,-0.899999999999999,16.55
"1107",2019-08-24 02:00:00,16.4,15,1107,1.4,15.7
"1108",2019-08-24 03:00:00,10.9,15,1108,-4.1,12.95
"1109",2019-08-24 04:00:00,13.6,14,1109,-0.4,13.8
"1110",2019-08-24 05:00:00,18.2,16,1110,2.2,17.1
"1111",2019-08-24 06:00:00,25.2,22,1111,3.2,23.6
"1112",2019-08-24 07:00:00,24.3,25,1112,-0.699999999999999,24.65
"1113",2019-08-24 08:00:00,27.7,31,1113,-3.3,29.35
"1114",2019-08-24 09:00:00,20.8,24,1114,-3.2,22.4
"1115",2019-08-24 10:00:00,13.4,16,1115,-2.6,14.7
"1116",2019-08-24 11:00:00,16,15,1116,1,15.5
"1117",2019-08-24 12:00:00,14.6,20,1117,-5.4,17.3
"1118",2019-08-24 13:00:00,14.7,14,1118,0.699999999999999,14.35
"1119",2019-08-24 14:00:00,18.4,17,1119,1.4,17.7
"1120",2019-08-24 15:00:00,11.6,11,1120,0.6,11.3
"1121",2019-08-24 16:00:00,15.3,15,1121,0.300000000000001,15.15
"1122",2019-08-24 17:00:00,5.6,7,1122,-1.4,6.3
"1123",2019-08-24 18:00:00,17.3,17,1123,0.300000000000001,17.15
"1124",2019-08-24 19:00:00,27.1,26,1124,1.1,26.55
"1125",2019-08-24 20:00:00,22.5,21,1125,1.5,21.75
"1126",2019-08-24 21:00:00,14.9,19,1126,-4.1,16.95
"1127",2019-08-24 22:00:00,15.7,16,1127,-0.300000000000001,15.85
"1128",2019-08-24 23:00:00,19.2,18,1128,1.2,18.6
"1129",2019-08-25 00:00:00,20.1,21,1129,-0.899999999999999,20.55
"1130",2019-08-25 01:00:00,17.9,15,1130,2.9,16.45
"1131",2019-08-25 02:00:00,21.5,22,1131,-0.5,21.75
"1132",2019-08-25 03:00:00,20.5,17,1132,3.5,18.75
"1133",2019-08-25 04:00:00,13.7,10,1133,3.7,11.85
"1134",2019-08-25 05:00:00,15.7,19,1134,-3.3,17.35
"1135",2019-08-25 06:00:00,14.6,15,1135,-0.4,14.8
"1136",2019-08-25 07:00:00,21.2,19,1136,2.2,20.1
"1137",2019-08-25 08:00:00,26.5,25,1137,1.5,25.75
"1138",2019-08-25 09:00:00,12.1,14,1138,-1.9,13.05
"1139",2019-08-25 10:00:00,13.4,14,1139,-0.6,13.7
"1140",2019-08-25 11:00:00,13.1,14,1140,-0.9,13.55
"1141",2019-08-25 12:00:00,13,14,1141,-1,13.5
"1142",2019-08-25 13:00:00,13.7,11,1142,2.7,12.35
"1143",2019-08-25 14:00:00,15,13,1143,2,14
"1144",2019-08-25 15:00:00,14.3,15,1144,-0.699999999999999,14.65
"1145",2019-08-25 16:00:00,12.8,12,1145,0.800000000000001,12.4
"1146",2019-08-25 17:00:00,20.6,23,1146,-2.4,21.8
"1147",2019-08-25 18:00:00,18.9,20,1147,-1.1,19.45
"1148",2019-08-25 19:00:00,17.3,16,1148,1.3,16.65
"1149",2019-08-25 20:00:00,14.9,17,1149,-2.1,15.95
"1150",2019-08-25 21:00:00,15.2,16,1150,-0.800000000000001,15.6
"1151",2019-08-25 22:00:00,13.5,15,1151,-1.5,14.25
"1152",2019-08-25 23:00:00,15.5,16,1152,-0.5,15.75
"1153",2019-08-26 00:00:00,11.5,12,1153,-0.5,11.75
"1154",2019-08-26 01:00:00,12.9,14,1154,-1.1,13.45
"1155",2019-08-26 02:00:00,11,12,1155,-1,11.5
"1156",2019-08-26 03:00:00,11,12,1156,-1,11.5
"1157",2019-08-26 04:00:00,15.5,13,1157,2.5,14.25
"1158",2019-08-26 05:00:00,12.9,18,1158,-5.1,15.45
"1159",2019-08-26 06:00:00,12.6,13,1159,-0.4,12.8
"1160",2019-08-26 07:00:00,21,24,1160,-3,22.5
"1161",2019-08-26 08:00:00,30.1,29,1161,1.1,29.55
"1162",2019-08-26 09:00:00,17.9,16,1162,1.9,16.95
"1163",2019-08-26 10:00:00,21.3,22,1163,-0.699999999999999,21.65
"1164",2019-08-26 11:00:00,13.2,17,1164,-3.8,15.1
"1165",2019-08-26 12:00:00,22.8,21,1165,1.8,21.9
"1166",2019-08-26 13:00:00,20.3,19,1166,1.3,19.65
"1167",2019-08-26 14:00:00,23.4,23,1167,0.399999999999999,23.2
"1168",2019-08-26 15:00:00,19,20,1168,-1,19.5
"1169",2019-08-26 16:00:00,20.5,20,1169,0.5,20.25
"1170",2019-08-26 17:00:00,19.3,21,1170,-1.7,20.15
"1171",2019-08-26 18:00:00,24.5,20,1171,4.5,22.25
"1172",2019-08-26 19:00:00,18.5,17,1172,1.5,17.75
"1173",2019-08-26 20:00:00,29.9,32,1173,-2.1,30.95
"1174",2019-08-26 21:00:00,21.5,23,1174,-1.5,22.25
"1175",2019-08-26 22:00:00,16.3,14,1175,2.3,15.15
"1176",2019-08-26 23:00:00,26.5,30,1176,-3.5,28.25
"1177",2019-08-27 00:00:00,23,27,1177,-4,25
"1178",2019-08-27 01:00:00,13.1,17,1178,-3.9,15.05
"1179",2019-08-27 02:00:00,12.9,14,1179,-1.1,13.45
"1180",2019-08-27 03:00:00,12.5,12,1180,0.5,12.25
"1181",2019-08-27 04:00:00,12,11,1181,1,11.5
"1182",2019-08-27 05:00:00,7.8,12,1182,-4.2,9.9
"1183",2019-08-27 06:00:00,12.6,9,1183,3.6,10.8
"1184",2019-08-27 07:00:00,11.1,14,1184,-2.9,12.55
"1185",2019-08-27 08:00:00,16.2,18,1185,-1.8,17.1
"1186",2019-08-27 09:00:00,15,15,1186,0,15
"1187",2019-08-27 10:00:00,18.4,19,1187,-0.600000000000001,18.7
"1188",2019-08-27 11:00:00,12.7,13,1188,-0.300000000000001,12.85
"1189",2019-08-27 12:00:00,11.2,17,1189,-5.8,14.1
"1190",2019-08-27 13:00:00,14.3,13,1190,1.3,13.65
"1191",2019-08-27 14:00:00,8.5,11,1191,-2.5,9.75
"1192",2019-08-27 15:00:00,10.7,10,1192,0.699999999999999,10.35
"1193",2019-08-27 16:00:00,8.9,12,1193,-3.1,10.45
"1194",2019-08-27 17:00:00,18.5,19,1194,-0.5,18.75
"1195",2019-08-27 18:00:00,18,21,1195,-3,19.5
"1196",2019-08-27 19:00:00,20.2,23,1196,-2.8,21.6
"1197",2019-08-27 20:00:00,25.6,30,1197,-4.4,27.8
"1198",2019-08-27 21:00:00,24.8,28,1198,-3.2,26.4
"1199",2019-08-27 22:00:00,61.3,63,1199,-1.7,62.15
"1200",2019-08-27 23:00:00,27.3,25,1200,2.3,26.15
"1201",2019-08-28 00:00:00,24.4,24,1201,0.399999999999999,24.2
"1202",2019-08-28 01:00:00,21.5,23,1202,-1.5,22.25
"1203",2019-08-28 02:00:00,22.3,21,1203,1.3,21.65
"1204",2019-08-28 03:00:00,17.5,18,1204,-0.5,17.75
"1205",2019-08-28 04:00:00,15.5,12,1205,3.5,13.75
"1206",2019-08-28 05:00:00,17.4,16,1206,1.4,16.7
"1207",2019-08-28 06:00:00,21.6,19,1207,2.6,20.3
"1208",2019-08-28 07:00:00,19.6,23,1208,-3.4,21.3
"1209",2019-08-28 08:00:00,25.7,21,1209,4.7,23.35
"1210",2019-08-28 09:00:00,25.9,24,1210,1.9,24.95
"1211",2019-08-28 10:00:00,20.9,20,1211,0.899999999999999,20.45
"1212",2019-08-28 11:00:00,19.2,17,1212,2.2,18.1
"1213",2019-08-28 12:00:00,15.2,18,1213,-2.8,16.6
"1214",2019-08-28 13:00:00,19,19,1214,0,19
"1215",2019-08-28 14:00:00,16.8,16,1215,0.800000000000001,16.4
"1216",2019-08-28 15:00:00,17.2,18,1216,-0.800000000000001,17.6
"1217",2019-08-28 16:00:00,16.5,19,1217,-2.5,17.75
"1218",2019-08-28 17:00:00,24.2,24,1218,0.199999999999999,24.1
"1219",2019-08-28 18:00:00,16.4,21,1219,-4.6,18.7
"1220",2019-08-28 19:00:00,28,29,1220,-1,28.5
"1221",2019-08-28 20:00:00,21.6,23,1221,-1.4,22.3
"1222",2019-08-28 21:00:00,14.8,19,1222,-4.2,16.9
"1223",2019-08-28 22:00:00,20.4,21,1223,-0.600000000000001,20.7
"1224",2019-08-28 23:00:00,24.7,24,1224,0.699999999999999,24.35
"1225",2019-08-29 00:00:00,22.9,20,1225,2.9,21.45
"1226",2019-08-29 01:00:00,18.2,24,1226,-5.8,21.1
"1227",2019-08-29 02:00:00,15.5,21,1227,-5.5,18.25
"1228",2019-08-29 03:00:00,14.3,15,1228,-0.699999999999999,14.65
"1229",2019-08-29 04:00:00,17.4,17,1229,0.399999999999999,17.2
"1230",2019-08-29 05:00:00,20.7,22,1230,-1.3,21.35
"1231",2019-08-29 06:00:00,18.8,21,1231,-2.2,19.9
"1232",2019-08-29 07:00:00,25.8,25,1232,0.800000000000001,25.4
"1233",2019-08-29 08:00:00,26.7,27,1233,-0.300000000000001,26.85
"1234",2019-08-29 09:00:00,24,21,1234,3,22.5
"1235",2019-08-29 10:00:00,19.2,23,1235,-3.8,21.1
"1236",2019-08-29 11:00:00,19.6,22,1236,-2.4,20.8
"1237",2019-08-29 12:00:00,15.4,16,1237,-0.6,15.7
"1238",2019-08-29 13:00:00,14.8,13,1238,1.8,13.9
"1239",2019-08-29 14:00:00,16,17,1239,-1,16.5
"1240",2019-08-29 15:00:00,15.5,20,1240,-4.5,17.75
"1241",2019-08-29 16:00:00,18.4,17,1241,1.4,17.7
"1242",2019-08-29 17:00:00,17.8,19,1242,-1.2,18.4
"1243",2019-08-29 18:00:00,27.1,27,1243,0.100000000000001,27.05
"1244",2019-08-29 19:00:00,22.3,25,1244,-2.7,23.65
"1245",2019-08-29 22:00:00,24.4,27,1245,-2.6,25.7
"1246",2019-08-29 23:00:00,18.4,22,1246,-3.6,20.2
"1247",2019-08-30 00:00:00,19.6,21,1247,-1.4,20.3
"1248",2019-08-30 01:00:00,17.9,20,1248,-2.1,18.95
"1249",2019-08-30 02:00:00,13.1,18,1249,-4.9,15.55
"1250",2019-08-30 03:00:00,16.9,21,1250,-4.1,18.95
"1251",2019-08-30 04:00:00,16.1,17,1251,-0.899999999999999,16.55
"1252",2019-08-30 05:00:00,18.4,20,1252,-1.6,19.2
"1253",2019-08-30 06:00:00,16.6,19,1253,-2.4,17.8
"1254",2019-08-30 07:00:00,28.6,31,1254,-2.4,29.8
"1255",2019-08-30 08:00:00,24.9,28,1255,-3.1,26.45
"1256",2019-08-30 09:00:00,17.3,19,1256,-1.7,18.15
"1257",2019-08-30 10:00:00,20.8,21,1257,-0.199999999999999,20.9
"1258",2019-08-30 11:00:00,12.5,13,1258,-0.5,12.75
"1259",2019-08-30 12:00:00,17.5,17,1259,0.5,17.25
"1260",2019-08-30 13:00:00,12.1,7,1260,5.1,9.55
"1261",2019-08-30 14:00:00,10.5,10,1261,0.5,10.25
"1262",2019-08-30 15:00:00,12.2,11,1262,1.2,11.6
"1263",2019-08-30 16:00:00,14.7,15,1263,-0.300000000000001,14.85
"1264",2019-08-30 17:00:00,20.2,20,1264,0.199999999999999,20.1
"1265",2019-08-30 18:00:00,16.8,21,1265,-4.2,18.9
"1266",2019-08-30 19:00:00,23.7,24,1266,-0.300000000000001,23.85
"1267",2019-08-30 20:00:00,26,24,1267,2,25
"1268",2019-08-30 21:00:00,20.9,22,1268,-1.1,21.45
"1269",2019-08-30 22:00:00,24.9,25,1269,-0.100000000000001,24.95
"1270",2019-08-30 23:00:00,24.2,28,1270,-3.8,26.1
"1271",2019-08-31 00:00:00,24.7,21,1271,3.7,22.85
"1272",2019-08-31 01:00:00,23.4,20,1272,3.4,21.7
"1273",2019-08-31 02:00:00,21.2,23,1273,-1.8,22.1
"1274",2019-08-31 03:00:00,16.4,21,1274,-4.6,18.7
"1275",2019-08-31 04:00:00,17.7,18,1275,-0.300000000000001,17.85
"1276",2019-08-31 05:00:00,21.7,19,1276,2.7,20.35
"1277",2019-08-31 06:00:00,17.4,22,1277,-4.6,19.7
"1278",2019-08-31 07:00:00,30.5,31,1278,-0.5,30.75
"1279",2019-08-31 08:00:00,33.8,39,1279,-5.2,36.4
"1280",2019-08-31 09:00:00,31.4,32,1280,-0.600000000000001,31.7
"1281",2019-08-31 10:00:00,27.3,26,1281,1.3,26.65
"1282",2019-08-31 11:00:00,23.1,26,1282,-2.9,24.55
"1283",2019-08-31 12:00:00,19.9,22,1283,-2.1,20.95
"1284",2019-08-31 13:00:00,23.1,23,1284,0.100000000000001,23.05
"1285",2019-08-31 14:00:00,24.5,21,1285,3.5,22.75
"1286",2019-08-31 15:00:00,22.3,21,1286,1.3,21.65
"1287",2019-08-31 16:00:00,23.4,21,1287,2.4,22.2
"1288",2019-08-31 17:00:00,19.2,17,1288,2.2,18.1
"1289",2019-08-31 18:00:00,26.6,26,1289,0.600000000000001,26.3
"1290",2019-08-31 19:00:00,26.7,29,1290,-2.3,27.85
"1291",2019-08-31 20:00:00,20.6,23,1291,-2.4,21.8
"1292",2019-08-31 21:00:00,20.1,21,1292,-0.899999999999999,20.55
"1293",2019-08-31 22:00:00,23.4,20,1293,3.4,21.7
"1294",2019-08-31 23:00:00,24.3,28,1294,-3.7,26.15
"1295",2019-09-01 00:00:00,20.1,22,1295,-1.9,21.05
"1296",2019-09-01 01:00:00,18.4,20,1296,-1.6,19.2
"1297",2019-09-01 02:00:00,15.4,15,1297,0.4,15.2
"1298",2019-09-01 03:00:00,15.1,13,1298,2.1,14.05
"1299",2019-09-01 04:00:00,13.3,14,1299,-0.699999999999999,13.65
"1300",2019-09-01 05:00:00,14.9,15,1300,-0.0999999999999996,14.95
"1301",2019-09-01 06:00:00,19.8,18,1301,1.8,18.9
"1302",2019-09-01 07:00:00,21.1,20,1302,1.1,20.55
"1303",2019-09-01 08:00:00,22.5,25,1303,-2.5,23.75
"1304",2019-09-01 09:00:00,20.6,24,1304,-3.4,22.3
"1305",2019-09-01 10:00:00,17.7,21,1305,-3.3,19.35
"1306",2019-09-01 11:00:00,17,16,1306,1,16.5
"1307",2019-09-01 12:00:00,20.4,13,1307,7.4,16.7
"1308",2019-09-01 13:00:00,17.7,20,1308,-2.3,18.85
"1309",2019-09-01 14:00:00,11.4,12,1309,-0.6,11.7
"1310",2019-09-01 15:00:00,19.8,15,1310,4.8,17.4
"1311",2019-09-01 16:00:00,13.4,16,1311,-2.6,14.7
"1312",2019-09-01 17:00:00,18.6,19,1312,-0.399999999999999,18.8
"1313",2019-09-01 18:00:00,20.4,21,1313,-0.600000000000001,20.7
"1314",2019-09-01 19:00:00,30.6,28,1314,2.6,29.3
"1315",2019-09-01 20:00:00,14.7,17,1315,-2.3,15.85
"1316",2019-09-01 21:00:00,17.1,17,1316,0.100000000000001,17.05
"1317",2019-09-01 22:00:00,26.8,31,1317,-4.2,28.9
"1318",2019-09-01 23:00:00,13,15,1318,-2,14
"1319",2019-09-02 00:00:00,13.2,13,1319,0.199999999999999,13.1
"1320",2019-09-02 01:00:00,8.5,9,1320,-0.5,8.75
"1321",2019-09-02 02:00:00,8.4,6,1321,2.4,7.2
"1322",2019-09-02 05:00:00,9.3,8,1322,1.3,8.65
"1323",2019-09-02 06:00:00,12.3,12,1323,0.300000000000001,12.15
"1324",2019-09-02 07:00:00,16.7,20,1324,-3.3,18.35
"1325",2019-09-02 08:00:00,17.8,16,1325,1.8,16.9
"1326",2019-09-02 11:00:00,8.8,11,1326,-2.2,9.9
"1327",2019-09-02 14:00:00,14.1,16,1327,-1.9,15.05
"1328",2019-09-02 15:00:00,12.2,17,1328,-4.8,14.6
"1329",2019-09-02 16:00:00,14.8,16,1329,-1.2,15.4
"1330",2019-09-02 17:00:00,5.1,6,1330,-0.9,5.55
"1331",2019-09-02 18:00:00,9.2,11,1331,-1.8,10.1
"1332",2019-09-02 19:00:00,9.3,10,1332,-0.699999999999999,9.65
"1333",2019-09-02 20:00:00,12.2,10,1333,2.2,11.1
"1334",2019-09-02 21:00:00,11,9,1334,2,10
"1335",2019-09-03 00:00:00,7.6,11,1335,-3.4,9.3
"1336",2019-09-03 01:00:00,10,9,1336,1,9.5
"1337",2019-09-03 02:00:00,6.5,10,1337,-3.5,8.25
"1338",2019-09-03 03:00:00,7.2,7,1338,0.2,7.1
"1339",2019-09-03 04:00:00,11,11,1339,0,11
"1340",2019-09-03 05:00:00,12,12,1340,0,12
"1341",2019-09-03 06:00:00,11.2,14,1341,-2.8,12.6
"1342",2019-09-03 07:00:00,19.2,21,1342,-1.8,20.1
"1343",2019-09-03 08:00:00,21.7,26,1343,-4.3,23.85
"1344",2019-09-03 09:00:00,18.2,18,1344,0.199999999999999,18.1
"1345",2019-09-03 10:00:00,12.6,13,1345,-0.4,12.8
"1346",2019-09-03 11:00:00,15.2,13,1346,2.2,14.1
"1347",2019-09-03 12:00:00,14.6,16,1347,-1.4,15.3
"1348",2019-09-03 13:00:00,11.2,15,1348,-3.8,13.1
"1349",2019-09-03 14:00:00,26,30,1349,-4,28
"1350",2019-09-03 15:00:00,9.9,9,1350,0.9,9.45
"1351",2019-09-03 16:00:00,10.1,10,1351,0.0999999999999996,10.05
"1352",2019-09-03 19:00:00,15.7,13,1352,2.7,14.35
"1353",2019-09-03 20:00:00,18.7,20,1353,-1.3,19.35
"1354",2019-09-03 21:00:00,20.8,25,1354,-4.2,22.9
"1355",2019-09-03 22:00:00,17.4,19,1355,-1.6,18.2
"1356",2019-09-03 23:00:00,16.1,15,1356,1.1,15.55
"1357",2019-09-04 00:00:00,16.5,18,1357,-1.5,17.25
"1358",2019-09-04 01:00:00,14.2,15,1358,-0.800000000000001,14.6
"1359",2019-09-04 02:00:00,10.5,11,1359,-0.5,10.75
"1360",2019-09-04 03:00:00,13.9,13,1360,0.9,13.45
"1361",2019-09-04 04:00:00,12.1,12,1361,0.0999999999999996,12.05
"1362",2019-09-04 05:00:00,15,12,1362,3,13.5
"1363",2019-09-04 06:00:00,19.9,17,1363,2.9,18.45
"1364",2019-09-04 07:00:00,16.4,19,1364,-2.6,17.7
"1365",2019-09-04 08:00:00,26,24,1365,2,25
"1366",2019-09-04 09:00:00,18.8,23,1366,-4.2,20.9
"1367",2019-09-04 10:00:00,21.6,22,1367,-0.399999999999999,21.8
"1368",2019-09-04 11:00:00,17,17,1368,0,17
"1369",2019-09-04 12:00:00,21.4,24,1369,-2.6,22.7
"1370",2019-09-04 13:00:00,25.8,25,1370,0.800000000000001,25.4
"1371",2019-09-04 14:00:00,16,13,1371,3,14.5
"1372",2019-09-04 15:00:00,17.4,21,1372,-3.6,19.2
"1373",2019-09-04 16:00:00,11.1,16,1373,-4.9,13.55
"1374",2019-09-04 17:00:00,11.3,10,1374,1.3,10.65
"1375",2019-09-04 18:00:00,16.3,16,1375,0.300000000000001,16.15
"1376",2019-09-04 19:00:00,15.7,17,1376,-1.3,16.35
"1377",2019-09-04 20:00:00,17.5,21,1377,-3.5,19.25
"1378",2019-09-04 21:00:00,17.4,19,1378,-1.6,18.2
"1379",2019-09-04 22:00:00,14.8,15,1379,-0.199999999999999,14.9
"1380",2019-09-04 23:00:00,15.9,17,1380,-1.1,16.45
"1381",2019-09-05 00:00:00,12.1,17,1381,-4.9,14.55
"1382",2019-09-05 01:00:00,14.1,14,1382,0.0999999999999996,14.05
"1383",2019-09-05 02:00:00,10.1,12,1383,-1.9,11.05
"1384",2019-09-05 03:00:00,10.9,9,1384,1.9,9.95
"1385",2019-09-05 04:00:00,12.1,10,1385,2.1,11.05
"1386",2019-09-05 05:00:00,13.6,10,1386,3.6,11.8
"1387",2019-09-05 06:00:00,7.1,12,1387,-4.9,9.55
"1388",2019-09-05 07:00:00,16.9,19,1388,-2.1,17.95
"1389",2019-09-05 08:00:00,22.5,22,1389,0.5,22.25
"1390",2019-09-05 09:00:00,12.6,16,1390,-3.4,14.3
"1391",2019-09-05 10:00:00,21.3,19,1391,2.3,20.15
"1392",2019-09-05 11:00:00,15.6,16,1392,-0.4,15.8
"1393",2019-09-05 12:00:00,11.5,16,1393,-4.5,13.75
"1394",2019-09-05 13:00:00,9.7,12,1394,-2.3,10.85
"1395",2019-09-05 14:00:00,13.8,11,1395,2.8,12.4
"1396",2019-09-05 15:00:00,16.3,18,1396,-1.7,17.15
"1397",2019-09-05 16:00:00,20.4,21,1397,-0.600000000000001,20.7
"1398",2019-09-05 17:00:00,9,6,1398,3,7.5
"1399",2019-09-05 18:00:00,18.6,20,1399,-1.4,19.3
"1400",2019-09-05 19:00:00,15.3,13,1400,2.3,14.15
"1401",2019-09-05 20:00:00,19.9,20,1401,-0.100000000000001,19.95
"1402",2019-09-05 21:00:00,25.2,23,1402,2.2,24.1
"1403",2019-09-05 22:00:00,15.3,20,1403,-4.7,17.65
"1404",2019-09-05 23:00:00,19.2,19,1404,0.199999999999999,19.1
"1405",2019-09-06 00:00:00,16.5,12,1405,4.5,14.25
"1406",2019-09-06 01:00:00,14.2,15,1406,-0.800000000000001,14.6
"1407",2019-09-06 02:00:00,12.8,12,1407,0.800000000000001,12.4
"1408",2019-09-06 03:00:00,11.7,12,1408,-0.300000000000001,11.85
"1409",2019-09-06 04:00:00,11.1,12,1409,-0.9,11.55
"1410",2019-09-06 05:00:00,11,9,1410,2,10
"1411",2019-09-06 06:00:00,10.9,13,1411,-2.1,11.95
"1412",2019-09-06 07:00:00,18.5,19,1412,-0.5,18.75
"1413",2019-09-06 08:00:00,22.9,24,1413,-1.1,23.45
"1414",2019-09-06 09:00:00,20.4,20,1414,0.399999999999999,20.2
"1415",2019-09-06 10:00:00,17.3,15,1415,2.3,16.15
"1416",2019-09-06 11:00:00,17.5,15,1416,2.5,16.25
"1417",2019-09-06 12:00:00,16.4,16,1417,0.399999999999999,16.2
"1418",2019-09-06 13:00:00,16.1,13,1418,3.1,14.55
"1419",2019-09-06 14:00:00,11.6,16,1419,-4.4,13.8
"1420",2019-09-06 15:00:00,12.3,12,1420,0.300000000000001,12.15
"1421",2019-09-06 16:00:00,15.5,16,1421,-0.5,15.75
"1422",2019-09-06 17:00:00,3,16,1422,-13,9.5
"1423",2019-09-06 18:00:00,14,18,1423,-4,16
"1424",2019-09-06 19:00:00,16.3,18,1424,-1.7,17.15
"1425",2019-09-06 20:00:00,27.9,27,1425,0.899999999999999,27.45
"1426",2019-09-06 21:00:00,24.6,25,1426,-0.399999999999999,24.8
"1427",2019-09-06 22:00:00,21.1,25,1427,-3.9,23.05
"1428",2019-09-06 23:00:00,19.9,18,1428,1.9,18.95
"1429",2019-09-07 00:00:00,17.8,18,1429,-0.199999999999999,17.9
"1430",2019-09-07 01:00:00,12.9,11,1430,1.9,11.95
"1431",2019-09-07 02:00:00,5.9,15,1431,-9.1,10.45
"1432",2019-09-07 03:00:00,7.7,6,1432,1.7,6.85
"1433",2019-09-07 04:00:00,11.8,12,1433,-0.199999999999999,11.9
"1434",2019-09-07 07:00:00,16,15,1434,1,15.5
"1435",2019-09-07 08:00:00,16.1,22,1435,-5.9,19.05
"1436",2019-09-07 09:00:00,19.2,19,1436,0.199999999999999,19.1
"1437",2019-09-07 10:00:00,12.6,13,1437,-0.4,12.8
"1438",2019-09-07 11:00:00,15.3,16,1438,-0.699999999999999,15.65
"1439",2019-09-07 12:00:00,15.6,13,1439,2.6,14.3
"1440",2019-09-07 13:00:00,14.4,14,1440,0.4,14.2
"1441",2019-09-07 14:00:00,12.8,13,1441,-0.199999999999999,12.9
"1442",2019-09-07 15:00:00,15.9,17,1442,-1.1,16.45
"1443",2019-09-07 16:00:00,11.7,16,1443,-4.3,13.85
"1444",2019-09-07 17:00:00,16.2,15,1444,1.2,15.6
"1445",2019-09-07 18:00:00,20.1,19,1445,1.1,19.55
"1446",2019-09-07 19:00:00,16.3,16,1446,0.300000000000001,16.15
"1447",2019-09-07 20:00:00,19.2,20,1447,-0.800000000000001,19.6
"1448",2019-09-07 21:00:00,16,17,1448,-1,16.5
"1449",2019-09-07 22:00:00,15.5,16,1449,-0.5,15.75
"1450",2019-09-07 23:00:00,12.7,16,1450,-3.3,14.35
"1451",2019-09-08 00:00:00,11.5,13,1451,-1.5,12.25
"1452",2019-09-08 01:00:00,11.8,10,1452,1.8,10.9
"1453",2019-09-08 02:00:00,11.7,9,1453,2.7,10.35
"1454",2019-09-08 03:00:00,8.6,8,1454,0.6,8.3
"1455",2019-09-08 04:00:00,15.1,11,1455,4.1,13.05
"1456",2019-09-08 05:00:00,7.5,12,1456,-4.5,9.75
"1457",2019-09-08 06:00:00,10.2,10,1457,0.199999999999999,10.1
"1458",2019-09-08 07:00:00,11.5,16,1458,-4.5,13.75
"1459",2019-09-08 08:00:00,16.9,13,1459,3.9,14.95
"1460",2019-09-08 09:00:00,16.8,13,1460,3.8,14.9
"1461",2019-09-08 10:00:00,12.3,14,1461,-1.7,13.15
"1462",2019-09-08 11:00:00,16,16,1462,0,16
"1463",2019-09-08 12:00:00,15.8,14,1463,1.8,14.9
"1464",2019-09-08 13:00:00,11.8,11,1464,0.800000000000001,11.4
"1465",2019-09-08 14:00:00,16.3,16,1465,0.300000000000001,16.15
"1466",2019-09-08 15:00:00,10,11,1466,-1,10.5
"1467",2019-09-08 16:00:00,13.6,13,1467,0.6,13.3
"1468",2019-09-08 17:00:00,14.7,12,1468,2.7,13.35
"1469",2019-09-08 18:00:00,14.5,16,1469,-1.5,15.25
"1470",2019-09-08 19:00:00,15.5,16,1470,-0.5,15.75
"1471",2019-09-08 20:00:00,15.8,14,1471,1.8,14.9
"1472",2019-09-08 21:00:00,17.1,21,1472,-3.9,19.05
"1473",2019-09-08 22:00:00,12.7,16,1473,-3.3,14.35
"1474",2019-09-08 23:00:00,15.4,17,1474,-1.6,16.2
"1475",2019-09-09 00:00:00,10.2,11,1475,-0.800000000000001,10.6
"1476",2019-09-09 15:00:00,13.3,14,1476,-0.699999999999999,13.65
"1477",2019-09-09 16:00:00,12.4,14,1477,-1.6,13.2
"1478",2019-09-09 17:00:00,17.7,15,1478,2.7,16.35
"1479",2019-09-09 18:00:00,18.9,17,1479,1.9,17.95
"1480",2019-09-09 19:00:00,24.8,25,1480,-0.199999999999999,24.9
"1481",2019-09-09 20:00:00,23.4,26,1481,-2.6,24.7
"1482",2019-09-09 21:00:00,25.1,23,1482,2.1,24.05
"1483",2019-09-09 22:00:00,21.8,28,1483,-6.2,24.9
"1484",2019-09-09 23:00:00,25.4,27,1484,-1.6,26.2
"1485",2019-09-10 00:00:00,18.1,20,1485,-1.9,19.05
"1486",2019-09-10 01:00:00,17.5,16,1486,1.5,16.75
"1487",2019-09-10 02:00:00,17.9,19,1487,-1.1,18.45
"1488",2019-09-10 03:00:00,22.3,16,1488,6.3,19.15
"1489",2019-09-10 04:00:00,16,12,1489,4,14
"1490",2019-09-10 05:00:00,19,13,1490,6,16
"1491",2019-09-10 06:00:00,17,14,1491,3,15.5
"1492",2019-09-10 07:00:00,21.6,20,1492,1.6,20.8
"1493",2019-09-10 08:00:00,19.2,21,1493,-1.8,20.1
"1494",2019-09-10 09:00:00,24,25,1494,-1,24.5
"1495",2019-09-10 10:00:00,20,21,1495,-1,20.5
"1496",2019-09-10 11:00:00,20,22,1496,-2,21
"1497",2019-09-10 12:00:00,17.2,14,1497,3.2,15.6
"1498",2019-09-10 13:00:00,19.8,21,1498,-1.2,20.4
"1499",2019-09-10 14:00:00,23.8,25,1499,-1.2,24.4
"1500",2019-09-10 15:00:00,21.2,24,1500,-2.8,22.6
"1501",2019-09-10 16:00:00,21.3,19,1501,2.3,20.15
"1502",2019-09-10 17:00:00,19.4,18,1502,1.4,18.7
"1503",2019-09-10 18:00:00,15.1,15,1503,0.0999999999999996,15.05
"1504",2019-09-10 19:00:00,20.4,21,1504,-0.600000000000001,20.7
"1505",2019-09-10 20:00:00,32.9,31,1505,1.9,31.95
"1506",2019-09-10 21:00:00,11.6,10,1506,1.6,10.8
"1507",2019-09-10 22:00:00,15.5,14,1507,1.5,14.75
"1508",2019-09-10 23:00:00,21.2,23,1508,-1.8,22.1
"1509",2019-09-11 00:00:00,21.4,20,1509,1.4,20.7
"1510",2019-09-11 01:00:00,14.3,19,1510,-4.7,16.65
"1511",2019-09-11 02:00:00,17.2,18,1511,-0.800000000000001,17.6
"1512",2019-09-11 03:00:00,17,13,1512,4,15
"1513",2019-09-11 04:00:00,15.1,13,1513,2.1,14.05
"1514",2019-09-11 05:00:00,18,13,1514,5,15.5
"1515",2019-09-11 06:00:00,17.3,16,1515,1.3,16.65
"1516",2019-09-11 07:00:00,19.9,22,1516,-2.1,20.95
"1517",2019-09-11 08:00:00,59,61,1517,-2,60
"1518",2019-09-11 09:00:00,23.4,30,1518,-6.6,26.7
"1519",2019-09-11 10:00:00,17.6,21,1519,-3.4,19.3
"1520",2019-09-11 11:00:00,16.6,20,1520,-3.4,18.3
"1521",2019-09-11 12:00:00,25,22,1521,3,23.5
"1522",2019-09-11 13:00:00,25.6,21,1522,4.6,23.3
"1523",2019-09-11 14:00:00,22.6,23,1523,-0.399999999999999,22.8
"1524",2019-09-11 15:00:00,19.9,22,1524,-2.1,20.95
"1525",2019-09-11 16:00:00,16.5,14,1525,2.5,15.25
"1526",2019-09-11 17:00:00,20,19,1526,1,19.5
"1527",2019-09-11 18:00:00,24.8,25,1527,-0.199999999999999,24.9
"1528",2019-09-11 19:00:00,29.5,27,1528,2.5,28.25
"1529",2019-09-11 20:00:00,30.2,30,1529,0.199999999999999,30.1
"1530",2019-09-11 21:00:00,21.1,20,1530,1.1,20.55
"1531",2019-09-11 22:00:00,19.6,19,1531,0.600000000000001,19.3
"1532",2019-09-11 23:00:00,10.4,13,1532,-2.6,11.7
"1533",2019-09-12 00:00:00,17.8,16,1533,1.8,16.9
"1534",2019-09-12 01:00:00,16.8,16,1534,0.800000000000001,16.4
"1535",2019-09-12 02:00:00,16.2,19,1535,-2.8,17.6
"1536",2019-09-12 03:00:00,16.1,19,1536,-2.9,17.55
"1537",2019-09-12 04:00:00,11.4,18,1537,-6.6,14.7
"1538",2019-09-12 05:00:00,15.9,19,1538,-3.1,17.45
"1539",2019-09-12 06:00:00,22.3,23,1539,-0.699999999999999,22.65
"1540",2019-09-12 07:00:00,28.4,29,1540,-0.600000000000001,28.7
"1541",2019-09-12 08:00:00,30.5,29,1541,1.5,29.75
"1542",2019-09-12 09:00:00,29.3,28,1542,1.3,28.65
"1543",2019-09-12 10:00:00,18,20,1543,-2,19
"1544",2019-09-12 11:00:00,17.4,20,1544,-2.6,18.7
"1545",2019-09-12 12:00:00,14.9,13,1545,1.9,13.95
"1546",2019-09-12 13:00:00,16.7,14,1546,2.7,15.35
"1547",2019-09-12 14:00:00,9.3,13,1547,-3.7,11.15
"1548",2019-09-12 15:00:00,10.2,10,1548,0.199999999999999,10.1
"1549",2019-09-12 16:00:00,13,12,1549,1,12.5
"1550",2019-09-12 17:00:00,16.1,15,1550,1.1,15.55
"1551",2019-09-12 18:00:00,21.6,20,1551,1.6,20.8
"1552",2019-09-12 19:00:00,12.7,10,1552,2.7,11.35
"1553",2019-09-12 20:00:00,16.1,20,1553,-3.9,18.05
"1554",2019-09-12 21:00:00,31.9,30,1554,1.9,30.95
"1555",2019-09-12 22:00:00,25.9,26,1555,-0.100000000000001,25.95
"1556",2019-09-12 23:00:00,19,23,1556,-4,21
"1557",2019-09-13 00:00:00,23.9,18,1557,5.9,20.95
"1558",2019-09-13 01:00:00,19.3,20,1558,-0.699999999999999,19.65
"1559",2019-09-13 02:00:00,17.6,17,1559,0.600000000000001,17.3
"1560",2019-09-13 03:00:00,15.5,14,1560,1.5,14.75
"1561",2019-09-13 04:00:00,16.5,15,1561,1.5,15.75
"1562",2019-09-13 05:00:00,12.8,14,1562,-1.2,13.4
"1563",2019-09-13 06:00:00,15.4,18,1563,-2.6,16.7
"1564",2019-09-13 07:00:00,19.7,23,1564,-3.3,21.35
"1565",2019-09-13 08:00:00,20.8,23,1565,-2.2,21.9
"1566",2019-09-13 09:00:00,12.8,14,1566,-1.2,13.4
"1567",2019-09-13 10:00:00,12.9,15,1567,-2.1,13.95
"1568",2019-09-13 11:00:00,14.1,15,1568,-0.9,14.55
"1569",2019-09-13 12:00:00,12.6,11,1569,1.6,11.8
"1570",2019-09-13 13:00:00,9,8,1570,1,8.5
"1571",2019-09-13 14:00:00,14.7,15,1571,-0.300000000000001,14.85
"1572",2019-09-13 15:00:00,10.3,10,1572,0.300000000000001,10.15
"1573",2019-09-13 16:00:00,14.4,14,1573,0.4,14.2
"1574",2019-09-13 17:00:00,22.1,22,1574,0.100000000000001,22.05
"1575",2019-09-13 18:00:00,12.8,16,1575,-3.2,14.4
"1576",2019-09-13 19:00:00,29.2,32,1576,-2.8,30.6
"1577",2019-09-13 20:00:00,26.3,26,1577,0.300000000000001,26.15
"1578",2019-09-13 21:00:00,30.7,33,1578,-2.3,31.85
"1579",2019-09-13 22:00:00,24.3,25,1579,-0.699999999999999,24.65
"1580",2019-09-13 23:00:00,19.8,22,1580,-2.2,20.9
"1581",2019-09-14 00:00:00,24.5,25,1581,-0.5,24.75
"1582",2019-09-14 01:00:00,20.7,20,1582,0.699999999999999,20.35
